task_id,name,parent_task_ids,submit_time,received_time,success,exception,execution.hostname,execution.execution_start_time,execution.execution_end_time,execution.task_start_time,execution.task_end_time,execution.input_transform_start_time,execution.input_transform_end_time,execution.result_transform_start_time,execution.result_transform_end_time
4a04ca4b-a136-4fc7-a3c0-cd043cbf8b29,noop,[],1733785584,1733785585,TRUE,,client-admin.novalocal,1733785584,1733785585,1733785584,1733785585,1733785584,1733785584,1733785585,1733785585
5f057ef1-5249-45c0-83f2-bf910555888a,noop,[],1733785586,1733785587,TRUE,,client-admin.novalocal,1733785586,1733785587,1733785586,1733785587,1733785586,1733785586,1733785587,1733785587
5ece806b-16d7-4422-b3b4-c1dfd4333c3e,noop,[],1733785587,1733785589,TRUE,,client-admin.novalocal,1733785587,1733785589,1733785587,1733785588,1733785587,1733785587,1733785588,1733785589
bbcd73d5-2b7d-409c-a428-844cf6ed4e2e,noop,[],1733785589,1733785590,TRUE,,client-admin.novalocal,1733785589,1733785590,1733785589,1733785590,1733785589,1733785589,1733785590,1733785590
214ce775-38f7-4f04-90c0-16e95c76a5a0,noop,[],1733785591,1733785592,TRUE,,client-admin.novalocal,1733785591,1733785592,1733785591,1733785592,1733785591,1733785591,1733785592,1733785592
04f63dd5-71a0-4cb1-8ad2-27db0a8c6e00,noop,[],1733785592,1733785593,TRUE,,client-admin.novalocal,1733785592,1733785593,1733785592,1733785593,1733785592,1733785592,1733785593,1733785593
55f1a780-891b-4b05-9e86-969ec6c819d2,noop,[],1733785594,1733785595,TRUE,,client-admin.novalocal,1733785594,1733785595,1733785594,1733785595,1733785594,1733785594,1733785595,1733785595
9d94b386-bfde-4c11-8645-7e522b546ddd,noop,[],1733785595,1733785597,TRUE,,client-admin.novalocal,1733785596,1733785597,1733785596,1733785597,1733785596,1733785596,1733785597,1733785597
9c52b2ac-6566-4512-8e64-8a62752231c2,noop,[],1733785597,1733785598,TRUE,,client-admin.novalocal,1733785597,1733785598,1733785597,1733785598,1733785597,1733785597,1733785598,1733785598
4be1a2dc-8ea5-4e4c-8a06-cbdfb8e71871,noop,[],1733785599,1733785600,TRUE,,client-admin.novalocal,1733785599,1733785600,1733785599,1733785600,1733785599,1733785599,1733785600,1733785600
961a407a-a58c-4e5d-9a31-ff5d8a53088b,noop,[],1733785600,1733785602,TRUE,,client-admin.novalocal,1733785600,1733785602,1733785600,1733785601,1733785600,1733785600,1733785601,1733785602
ef1999e3-b3ed-4849-9932-160f1536a884,noop,[],1733785602,1733785603,TRUE,,client-admin.novalocal,1733785602,1733785603,1733785602,1733785603,1733785602,1733785602,1733785603,1733785603
16f0fbbe-56a6-40b3-be9d-a8e30338eddb,noop,[],1733785604,1733785605,TRUE,,client-admin.novalocal,1733785604,1733785605,1733785604,1733785605,1733785604,1733785604,1733785605,1733785605
ba5c7e79-2f6d-4403-95ad-d2b3031a4aef,noop,[],1733785605,1733785607,TRUE,,client-admin.novalocal,1733785605,1733785607,1733785605,1733785606,1733785605,1733785605,1733785606,1733785607
b97bd9ee-a499-4b6e-8ff0-ce8c3028eadf,noop,[],1733785607,1733785608,TRUE,,client-admin.novalocal,1733785607,1733785608,1733785607,1733785608,1733785607,1733785607,1733785608,1733785608
fadea689-4f99-495a-8af3-640b32ebbbc8,noop,[],1733785609,1733785610,TRUE,,client-admin.novalocal,1733785609,1733785610,1733785609,1733785610,1733785609,1733785609,1733785610,1733785610
49b37716-829e-4f65-bc3b-387b7e493cfd,noop,[],1733785610,1733785612,TRUE,,client-admin.novalocal,1733785610,1733785612,1733785610,1733785611,1733785610,1733785610,1733785611,1733785612
0c94e137-5f34-4e73-9728-bd55087bb48e,noop,[],1733785612,1733785613,TRUE,,client-admin.novalocal,1733785612,1733785613,1733785612,1733785613,1733785612,1733785612,1733785613,1733785613
c62b2e58-77c3-45df-9a70-e4ffd1389bd0,noop,[],1733785613,1733785615,TRUE,,client-admin.novalocal,1733785614,1733785615,1733785614,1733785615,1733785614,1733785614,1733785615,1733785615
c283e1be-07f1-4082-a066-368686660fb2,noop,[],1733785615,1733785617,TRUE,,client-admin.novalocal,1733785615,1733785617,1733785615,1733785616,1733785615,1733785615,1733785616,1733785617
af4c1137-465b-4eed-8690-f503a9fd28f5,noop,[],1733785617,1733785618,TRUE,,client-admin.novalocal,1733785617,1733785618,1733785617,1733785618,1733785617,1733785617,1733785618,1733785618
07c95afc-bc88-4a18-b3c4-4e6dfee03bc9,noop,[],1733785619,1733785620,TRUE,,client-admin.novalocal,1733785619,1733785620,1733785619,1733785620,1733785619,1733785619,1733785620,1733785620
5414ae5f-07ad-4526-8eb3-bd4a7cf43b06,noop,[],1733785620,1733785622,TRUE,,client-admin.novalocal,1733785620,1733785622,1733785620,1733785621,1733785620,1733785620,1733785621,1733785622
788ee6fe-2acb-4139-ab19-8b45ee61c007,noop,[],1733785622,1733785623,TRUE,,client-admin.novalocal,1733785622,1733785623,1733785622,1733785623,1733785622,1733785622,1733785623,1733785623
a0e30c84-200e-44f7-90be-7776c0b423f8,noop,[],1733785623,1733785625,TRUE,,client-admin.novalocal,1733785624,1733785625,1733785624,1733785625,1733785624,1733785624,1733785625,1733785625
c043e6fa-c157-40b5-816c-460ad48740be,noop,[],1733785625,1733785627,TRUE,,client-admin.novalocal,1733785625,1733785627,1733785625,1733785626,1733785625,1733785625,1733785626,1733785627
65893a6e-ae51-47ca-8cbe-31bd04b42993,noop,[],1733785627,1733785628,TRUE,,client-admin.novalocal,1733785627,1733785628,1733785627,1733785628,1733785627,1733785627,1733785628,1733785628
19b8699a-a6c1-4b84-8e38-165fdf0e6bc9,noop,[],1733785628,1733785630,TRUE,,client-admin.novalocal,1733785629,1733785630,1733785629,1733785630,1733785629,1733785629,1733785630,1733785630
5d812697-6289-4636-8187-cf150ca5bd9c,noop,[],1733785630,1733785632,TRUE,,client-admin.novalocal,1733785630,1733785632,1733785630,1733785631,1733785630,1733785630,1733785631,1733785632
92d7e018-5b7a-4128-9057-8efee06f389c,noop,[],1733785632,1733785633,TRUE,,client-admin.novalocal,1733785632,1733785633,1733785632,1733785633,1733785632,1733785632,1733785633,1733785633
ae59f112-20ba-4597-b6c5-59e768e5cb9c,noop,[],1733785633,1733785635,TRUE,,client-admin.novalocal,1733785634,1733785635,1733785634,1733785635,1733785634,1733785634,1733785635,1733785635
ca8744d2-4e26-4769-b2ff-11664699dcaf,noop,[],1733785635,1733785637,TRUE,,client-admin.novalocal,1733785635,1733785637,1733785635,1733785636,1733785635,1733785635,1733785636,1733785637
e9a1cbb3-9c77-4015-b727-754b85ac1532,noop,[],1733785637,1733785638,TRUE,,client-admin.novalocal,1733785637,1733785638,1733785637,1733785638,1733785637,1733785637,1733785638,1733785638
4db9eac9-7dd2-4c2e-b0da-0ec19a8b61bc,noop,[],1733785638,1733785640,TRUE,,client-admin.novalocal,1733785639,1733785640,1733785639,1733785640,1733785639,1733785639,1733785640,1733785640
f4286cfb-f5c2-46db-8529-f5ac2633736e,noop,[],1733785640,1733785641,TRUE,,client-admin.novalocal,1733785640,1733785641,1733785640,1733785641,1733785640,1733785640,1733785641,1733785641
df502bcf-c717-42dc-9b2f-1a0228327bee,noop,[],1733785642,1733785643,TRUE,,client-admin.novalocal,1733785642,1733785643,1733785642,1733785643,1733785642,1733785642,1733785643,1733785643
5ce6f60b-c67b-4e08-8e7e-8bf083cf748d,noop,[],1733785643,1733785645,TRUE,,client-admin.novalocal,1733785644,1733785645,1733785644,1733785645,1733785644,1733785644,1733785645,1733785645
d9d6417c-ebb9-4c73-a630-079f11e9c52e,noop,[],1733785645,1733785646,TRUE,,client-admin.novalocal,1733785645,1733785646,1733785645,1733785646,1733785645,1733785645,1733785646,1733785646
0c25a114-be69-4e45-91cb-8018997b3e84,noop,[],1733785647,1733785648,TRUE,,client-admin.novalocal,1733785647,1733785648,1733785647,1733785648,1733785647,1733785647,1733785648,1733785648
ebc863db-111d-4130-a70f-c686026de93c,noop,[],1733785648,1733785650,TRUE,,client-admin.novalocal,1733785649,1733785650,1733785649,1733785650,1733785649,1733785649,1733785650,1733785650
a99bd727-2f19-4330-998e-eab75e99e881,noop,[],1733785650,1733785651,TRUE,,client-admin.novalocal,1733785650,1733785651,1733785650,1733785651,1733785650,1733785650,1733785651,1733785651
df34f11e-8bdc-46d3-832a-02c504603145,noop,[],1733785652,1733785653,TRUE,,client-admin.novalocal,1733785652,1733785653,1733785652,1733785653,1733785652,1733785652,1733785653,1733785653
de5cecd8-29be-4405-89d6-70ae080919ec,noop,[],1733785653,1733785655,TRUE,,client-admin.novalocal,1733785654,1733785655,1733785654,1733785655,1733785654,1733785654,1733785655,1733785655
f612cb19-092b-430f-b092-f20fbeab8c1a,noop,[],1733785655,1733785656,TRUE,,client-admin.novalocal,1733785655,1733785656,1733785655,1733785656,1733785655,1733785655,1733785656,1733785656
2f6bd831-dbcf-41ac-aeb2-494da825c1cd,noop,[],1733785657,1733785658,TRUE,,client-admin.novalocal,1733785657,1733785658,1733785657,1733785658,1733785657,1733785657,1733785658,1733785658
121332d6-fd6f-438f-9a11-e36afd24c0de,noop,[],1733785658,1733785660,TRUE,,client-admin.novalocal,1733785659,1733785660,1733785659,1733785660,1733785659,1733785659,1733785660,1733785660
4b06ab74-eead-4ac7-b6fc-192ea5a9ddc7,noop,[],1733785660,1733785661,TRUE,,client-admin.novalocal,1733785660,1733785661,1733785660,1733785661,1733785660,1733785660,1733785661,1733785661
ad537f87-0bc0-4153-979e-16925944a0f7,noop,[],1733785662,1733785663,TRUE,,client-admin.novalocal,1733785662,1733785663,1733785662,1733785663,1733785662,1733785662,1733785663,1733785663
5d88bcdf-c1f0-48c4-b86f-c230008f0124,noop,[],1733785663,1733785665,TRUE,,client-admin.novalocal,1733785664,1733785665,1733785664,1733785665,1733785664,1733785664,1733785665,1733785665
f8bf8117-4cbd-4ae2-8f8e-5df5662b6088,noop,[],1733785665,1733785666,TRUE,,client-admin.novalocal,1733785665,1733785666,1733785665,1733785666,1733785665,1733785665,1733785666,1733785666
13a79f3b-3ce5-497c-b154-09e70ffc717f,noop,[],1733785667,1733785668,TRUE,,client-admin.novalocal,1733785667,1733785668,1733785667,1733785668,1733785667,1733785667,1733785668,1733785668
249b2fe1-6926-43f4-b76b-4f2a9ac12d9b,noop,[],1733785668,1733785670,TRUE,,client-admin.novalocal,1733785668,1733785670,1733785668,1733785669,1733785668,1733785668,1733785669,1733785670
48a15acc-90ee-4d1b-98f7-8944ff9e62c2,noop,[],1733785670,1733785671,TRUE,,client-admin.novalocal,1733785670,1733785671,1733785670,1733785671,1733785670,1733785670,1733785671,1733785671
ec80e73b-6461-423b-a4c4-323d15e8ba0b,noop,[],1733785672,1733785673,TRUE,,client-admin.novalocal,1733785672,1733785673,1733785672,1733785673,1733785672,1733785672,1733785673,1733785673
ad1ecb50-9278-41db-bc4a-86a41c85aa12,noop,[],1733785673,1733785675,TRUE,,client-admin.novalocal,1733785673,1733785675,1733785673,1733785674,1733785673,1733785673,1733785674,1733785675
372c74a4-6ca0-4b0a-8c7a-97fae14e44a0,noop,[],1733785675,1733785676,TRUE,,client-admin.novalocal,1733785675,1733785676,1733785675,1733785676,1733785675,1733785675,1733785676,1733785676
1467662b-ca2f-412b-8b68-e152e50ff07a,noop,[],1733785677,1733785678,TRUE,,client-admin.novalocal,1733785677,1733785678,1733785677,1733785678,1733785677,1733785677,1733785678,1733785678
07f2c0d6-dbfb-4c02-b19c-eafbff3bbd1e,noop,[],1733785678,1733785680,TRUE,,client-admin.novalocal,1733785678,1733785680,1733785678,1733785679,1733785678,1733785678,1733785679,1733785680
3c1c333b-20c9-4708-858f-7514f1c02715,noop,[],1733785680,1733785681,TRUE,,client-admin.novalocal,1733785680,1733785681,1733785680,1733785681,1733785680,1733785680,1733785681,1733785681
05b0237f-18da-4219-8d00-4bc31d4fe3bf,noop,[],1733785682,1733785683,TRUE,,client-admin.novalocal,1733785682,1733785683,1733785682,1733785683,1733785682,1733785682,1733785683,1733785683
27a5d157-4c07-4f10-87d0-b1379968fa35,noop,[],1733785683,1733785684,TRUE,,client-admin.novalocal,1733785683,1733785684,1733785683,1733785684,1733785683,1733785683,1733785684,1733785684
40b827ea-97aa-4125-bd7c-5a1759c95d32,noop,[],1733785685,1733785686,TRUE,,client-admin.novalocal,1733785685,1733785686,1733785685,1733785686,1733785685,1733785685,1733785686,1733785686
ef329981-0377-4d5f-a980-c4bffa556fd3,noop,[],1733785686,1733785688,TRUE,,client-admin.novalocal,1733785687,1733785688,1733785687,1733785688,1733785687,1733785687,1733785688,1733785688
af4390ca-bec3-4139-ae77-79a60495b55a,noop,[],1733785688,1733785689,TRUE,,client-admin.novalocal,1733785688,1733785689,1733785688,1733785689,1733785688,1733785688,1733785689,1733785689
c0fe5c64-5d6e-4555-8cdf-d7a42fb73502,noop,[],1733785690,1733785691,TRUE,,client-admin.novalocal,1733785690,1733785691,1733785690,1733785691,1733785690,1733785690,1733785691,1733785691
7f5f1bc5-e6aa-4bfd-96b6-19e7d1ba9152,noop,[],1733785691,1733785693,TRUE,,client-admin.novalocal,1733785692,1733785693,1733785692,1733785693,1733785692,1733785692,1733785693,1733785693
a53385a6-c02a-43a0-a45e-ba4a36878951,noop,[],1733785693,1733785694,TRUE,,client-admin.novalocal,1733785693,1733785694,1733785693,1733785694,1733785693,1733785693,1733785694,1733785694
e80d8caf-44ae-4325-860b-756fc767a8b5,noop,[],1733785695,1733785696,TRUE,,client-admin.novalocal,1733785695,1733785696,1733785695,1733785696,1733785695,1733785695,1733785696,1733785696
a02f64c9-8c73-4fd1-9d03-922870533054,noop,[],1733785696,1733785698,TRUE,,client-admin.novalocal,1733785697,1733785698,1733785697,1733785698,1733785697,1733785697,1733785698,1733785698
9e2385aa-6acc-440b-b19f-491ba16b3fb7,noop,[],1733785698,1733785699,TRUE,,client-admin.novalocal,1733785698,1733785699,1733785698,1733785699,1733785698,1733785698,1733785699,1733785699
f0251e80-1f55-46f5-b2f9-efdf1fa1a56a,noop,[],1733785700,1733785701,TRUE,,client-admin.novalocal,1733785700,1733785701,1733785700,1733785701,1733785700,1733785700,1733785701,1733785701
94865685-9b39-4fea-a9f1-4202aefd0d12,noop,[],1733785701,1733785703,TRUE,,client-admin.novalocal,1733785702,1733785703,1733785702,1733785703,1733785702,1733785702,1733785703,1733785703
a0dd76f8-a7f6-49df-b10c-f64f71abeff1,noop,[],1733785703,1733785704,TRUE,,client-admin.novalocal,1733785703,1733785704,1733785703,1733785704,1733785703,1733785703,1733785704,1733785704
342340b1-2671-4ae3-8cfb-08cc7a3473dc,noop,[],1733785705,1733785706,TRUE,,client-admin.novalocal,1733785705,1733785706,1733785705,1733785706,1733785705,1733785705,1733785706,1733785706
092d5879-b2d9-4131-b18d-69ce0db3f519,noop,[],1733785706,1733785708,TRUE,,client-admin.novalocal,1733785707,1733785708,1733785707,1733785708,1733785707,1733785707,1733785708,1733785708
0b20a0b4-6700-4fd7-8eb7-d0e8f91a5b70,noop,[],1733785708,1733785709,TRUE,,client-admin.novalocal,1733785708,1733785709,1733785708,1733785709,1733785708,1733785708,1733785709,1733785709
f498b062-0e62-434f-b585-658d1011702b,noop,[],1733785710,1733785711,TRUE,,client-admin.novalocal,1733785710,1733785711,1733785710,1733785711,1733785710,1733785710,1733785711,1733785711
975227b5-4e26-4b8d-9716-a722b9da8a45,noop,[],1733785711,1733785713,TRUE,,client-admin.novalocal,1733785711,1733785713,1733785711,1733785712,1733785711,1733785711,1733785712,1733785713
d312041d-e378-416e-b96c-33022264240c,noop,[],1733785713,1733785714,TRUE,,client-admin.novalocal,1733785713,1733785714,1733785713,1733785714,1733785713,1733785713,1733785714,1733785714
09b5e06a-c1a7-4a7a-8017-e725b70cf9ec,noop,[],1733785715,1733785716,TRUE,,client-admin.novalocal,1733785715,1733785716,1733785715,1733785716,1733785715,1733785715,1733785716,1733785716
ccffb025-4c62-41a3-ae66-163317a072aa,noop,[],1733785716,1733785718,TRUE,,client-admin.novalocal,1733785716,1733785718,1733785716,1733785717,1733785716,1733785716,1733785717,1733785718
85430c9f-c364-46c5-b27c-5617c8708e87,noop,[],1733785718,1733785719,TRUE,,client-admin.novalocal,1733785718,1733785719,1733785718,1733785719,1733785718,1733785718,1733785719,1733785719
ac79fdd6-9ce6-4d37-88a5-199ae0da75ca,noop,[],1733785720,1733785721,TRUE,,client-admin.novalocal,1733785720,1733785721,1733785720,1733785721,1733785720,1733785720,1733785721,1733785721
aecf35d7-4050-4471-baa0-637d0b3a6365,noop,[],1733785721,1733785723,TRUE,,client-admin.novalocal,1733785721,1733785723,1733785721,1733785722,1733785721,1733785721,1733785722,1733785723
bce05847-d4b3-40f6-bc89-979bcafbe07a,noop,[],1733785723,1733785724,TRUE,,client-admin.novalocal,1733785723,1733785724,1733785723,1733785724,1733785723,1733785723,1733785724,1733785724
15c10e26-b7f1-4bee-8c67-026a8fcfd5dc,noop,[],1733785725,1733785726,TRUE,,client-admin.novalocal,1733785725,1733785726,1733785725,1733785726,1733785725,1733785725,1733785726,1733785726
10187bc9-7bac-4298-b06c-3e3fa39a4942,noop,[],1733785726,1733785728,TRUE,,client-admin.novalocal,1733785726,1733785728,1733785726,1733785727,1733785726,1733785726,1733785727,1733785728
50ff4ace-daf1-410f-8789-6735358ddef8,noop,[],1733785728,1733785729,TRUE,,client-admin.novalocal,1733785728,1733785729,1733785728,1733785729,1733785728,1733785728,1733785729,1733785729
75700439-ad71-4875-bfe4-8fe3340a4554,noop,[],1733785729,1733785731,TRUE,,client-admin.novalocal,1733785730,1733785731,1733785730,1733785731,1733785730,1733785730,1733785731,1733785731
9f9eef17-ec71-4d67-936d-f4cc80ec2dec,noop,[],1733785731,1733785733,TRUE,,client-admin.novalocal,1733785731,1733785733,1733785731,1733785732,1733785731,1733785731,1733785732,1733785733
47ae1794-ac8f-4a44-82bb-a3301c3ab0ec,noop,[],1733785733,1733785734,TRUE,,client-admin.novalocal,1733785733,1733785734,1733785733,1733785734,1733785733,1733785733,1733785734,1733785734
45982c45-5137-453c-9264-16cf0604c1cd,noop,[],1733785734,1733785736,TRUE,,client-admin.novalocal,1733785735,1733785736,1733785735,1733785736,1733785735,1733785735,1733785736,1733785736
e34bc098-8da5-4834-824d-41c79825ba50,noop,[],1733785736,1733785737,TRUE,,client-admin.novalocal,1733785736,1733785737,1733785736,1733785737,1733785736,1733785736,1733785737,1733785737
40eee948-09ee-4730-9bab-7f76269ed94f,noop,[],1733785738,1733785739,TRUE,,client-admin.novalocal,1733785738,1733785739,1733785738,1733785739,1733785738,1733785738,1733785739,1733785739
4f5b755a-cd19-40af-a453-04c069343457,noop,[],1733785739,1733785741,TRUE,,client-admin.novalocal,1733785740,1733785741,1733785740,1733785741,1733785740,1733785740,1733785741,1733785741
83ef40ba-9a3c-4e90-9a9a-78bc9baadb19,noop,[],1733785741,1733785742,TRUE,,client-admin.novalocal,1733785741,1733785742,1733785741,1733785742,1733785741,1733785741,1733785742,1733785742
a2fae89c-6e18-4b00-bfbf-ac86420327b7,noop,[],1733785743,1733785744,TRUE,,client-admin.novalocal,1733785743,1733785744,1733785743,1733785744,1733785743,1733785743,1733785744,1733785744
3f9e0963-1ba4-4f6b-81a0-ba9eba488db3,noop,[],1733785744,1733785746,TRUE,,client-admin.novalocal,1733785745,1733785746,1733785745,1733785746,1733785745,1733785745,1733785746,1733785746
6dbd418f-e2d1-4449-b251-14f7d26cb2c3,noop,[],1733785746,1733785747,TRUE,,client-admin.novalocal,1733785746,1733785747,1733785746,1733785747,1733785746,1733785746,1733785747,1733785747
47d76efc-c3cb-4b29-91f2-5964156419fd,noop,[],1733785748,1733785749,TRUE,,client-admin.novalocal,1733785748,1733785749,1733785748,1733785749,1733785748,1733785748,1733785749,1733785749
