2024-07-17 16:25:27,Current,110
2024-07-17 16:25:28,Current,130
2024-07-17 16:25:29,Current,128
2024-07-17 16:25:30,Current,123
2024-07-17 16:25:31,Current,118
2024-07-17 16:25:32,Current,121
2024-07-17 16:25:33,Current,156
2024-07-17 16:25:35,Current,152
2024-07-17 16:25:36,Current,157
2024-07-17 16:25:37,Current,160
2024-07-17 16:25:38,Current,150
2024-07-17 16:25:39,Current,163
2024-07-17 16:25:40,Current,157
2024-07-17 16:25:41,Current,167
2024-07-17 16:25:42,Current,140
2024-07-17 16:25:43,Current,158
2024-07-17 16:25:44,Current,155
2024-07-17 16:25:45,Current,159
2024-07-17 16:25:46,Current,147
2024-07-17 16:25:47,Current,142
2024-07-17 16:25:49,Current,149
2024-07-17 16:25:50,Current,159
2024-07-17 16:25:51,Current,162
2024-07-17 16:25:52,Current,165
2024-07-17 16:25:53,Current,152
2024-07-17 16:25:54,Current,159
2024-07-17 16:25:55,Current,165
2024-07-17 16:25:56,Current,164
2024-07-17 16:25:57,Current,152
2024-07-17 16:25:58,Current,156
2024-07-17 16:25:59,Current,157
2024-07-17 16:26:00,Current,151
2024-07-17 16:26:02,Current,160
2024-07-17 16:26:03,Current,157
2024-07-17 16:26:04,Current,169
2024-07-17 16:26:05,Current,155
2024-07-17 16:26:06,Current,158
2024-07-17 16:26:07,Current,168
2024-07-17 16:26:08,Current,170
2024-07-17 16:26:09,Current,160
2024-07-17 16:26:10,Current,149
2024-07-17 16:26:11,Current,163
2024-07-17 16:26:12,Current,159
2024-07-17 16:26:13,Current,151
2024-07-17 16:26:14,Current,157
2024-07-17 16:26:16,Current,155
2024-07-17 16:26:17,Current,164
2024-07-17 16:26:18,Current,171
2024-07-17 16:26:19,Current,164
2024-07-17 16:26:20,Current,162
2024-07-17 16:26:21,Current,156
2024-07-17 16:26:22,Current,163
2024-07-17 16:26:23,Current,179
2024-07-17 16:26:24,Current,155
2024-07-17 16:26:25,Current,159
2024-07-17 16:26:26,Current,150
2024-07-17 16:26:27,Current,167
2024-07-17 16:26:28,Current,167
2024-07-17 16:26:29,Current,165
2024-07-17 16:26:31,Current,167
2024-07-17 16:26:32,Current,165
2024-07-17 16:26:33,Current,176
2024-07-17 16:26:34,Current,177
2024-07-17 16:26:35,Current,171
2024-07-17 16:26:36,Current,167
2024-07-17 16:26:37,Current,166
2024-07-17 16:26:38,Current,172
2024-07-17 16:26:39,Current,164
2024-07-17 16:26:40,Current,159
2024-07-17 16:26:41,Current,159
2024-07-17 16:26:42,Current,165
2024-07-17 16:26:43,Current,159
2024-07-17 16:26:45,Current,173
2024-07-17 16:26:46,Current,161
2024-07-17 16:26:47,Current,163
2024-07-17 16:26:48,Current,165
2024-07-17 16:26:49,Current,167
2024-07-17 16:26:50,Current,174
2024-07-17 16:26:51,Current,171
2024-07-17 16:26:52,Current,160
2024-07-17 16:26:53,Current,176
2024-07-17 16:26:54,Current,168
2024-07-17 16:26:55,Current,177
2024-07-17 16:26:56,Current,165
2024-07-17 16:26:57,Current,174
2024-07-17 16:26:59,Current,167
2024-07-17 16:27:00,Current,169
2024-07-17 16:27:01,Current,175
2024-07-17 16:27:02,Current,170
2024-07-17 16:27:03,Current,170
2024-07-17 16:27:04,Current,175
2024-07-17 16:27:05,Current,180
2024-07-17 16:27:06,Current,184
2024-07-17 16:27:07,Current,176
2024-07-17 16:27:08,Current,171
2024-07-17 16:27:09,Current,177
2024-07-17 16:27:10,Current,174
2024-07-17 16:27:11,Current,173
2024-07-17 16:27:13,Current,169
2024-07-17 16:27:14,Current,165
2024-07-17 16:27:15,Current,171
2024-07-17 16:27:16,Current,168
2024-07-17 16:27:17,Current,176
2024-07-17 16:27:18,Current,178
2024-07-17 16:27:19,Current,178
2024-07-17 16:27:20,Current,175
2024-07-17 16:27:21,Current,176
2024-07-17 16:27:22,Current,172
2024-07-17 16:27:23,Current,172
2024-07-17 16:27:24,Current,169
2024-07-17 16:27:26,Current,171
2024-07-17 16:27:27,Current,176
2024-07-17 16:27:28,Current,173
2024-07-17 16:27:29,Current,172
2024-07-17 16:27:30,Current,178
2024-07-17 16:27:31,Current,179
2024-07-17 16:27:32,Current,186
2024-07-17 16:27:33,Current,179
2024-07-17 16:27:34,Current,175
2024-07-17 16:27:35,Current,184
2024-07-17 16:27:36,Current,178
2024-07-17 16:27:37,Current,182
2024-07-17 16:27:38,Current,181
2024-07-17 16:27:39,Current,171
2024-07-17 16:27:41,Current,177
2024-07-17 16:27:42,Current,175
2024-07-17 16:27:43,Current,183
2024-07-17 16:27:44,Current,180
2024-07-17 16:27:45,Current,183
2024-07-17 16:27:46,Current,184
2024-07-17 16:27:47,Current,185
2024-07-17 16:27:48,Current,190
2024-07-17 16:27:49,Current,187
2024-07-17 16:27:50,Current,183
2024-07-17 16:27:51,Current,184
2024-07-17 16:27:52,Current,179
2024-07-17 16:27:53,Current,173
2024-07-17 16:27:55,Current,174
2024-07-17 16:27:56,Current,174
2024-07-17 16:27:57,Current,188
2024-07-17 16:27:58,Current,181
2024-07-17 16:27:59,Current,184
2024-07-17 16:28:00,Current,179
2024-07-17 16:28:01,Current,190
2024-07-17 16:28:02,Current,191
2024-07-17 16:28:03,Current,190
2024-07-17 16:28:04,Current,178
2024-07-17 16:28:05,Current,192
2024-07-17 16:28:06,Current,186
2024-07-17 16:28:07,Current,184
2024-07-17 16:28:09,Current,186
2024-07-17 16:28:10,Current,182
2024-07-17 16:28:11,Current,184
2024-07-17 16:28:12,Current,196
2024-07-17 16:28:13,Current,187
2024-07-17 16:28:14,Current,188
2024-07-17 16:28:15,Current,189
2024-07-17 16:28:16,Current,194
2024-07-17 16:28:17,Current,196
2024-07-17 16:28:18,Current,194
2024-07-17 16:28:19,Current,192
2024-07-17 16:28:20,Current,185
2024-07-17 16:28:21,Current,189
2024-07-17 16:28:22,Current,195
2024-07-17 16:28:24,Current,179
2024-07-17 16:28:25,Current,184
2024-07-17 16:28:26,Current,181
2024-07-17 16:28:27,Current,188
2024-07-17 16:28:28,Current,198
2024-07-17 16:28:29,Current,196
2024-07-17 16:28:30,Current,193
2024-07-17 16:28:31,Current,195
2024-07-17 16:28:32,Current,194
2024-07-17 16:28:33,Current,197
2024-07-17 16:28:34,Current,191
2024-07-17 16:28:35,Current,190
2024-07-17 16:28:36,Current,189
2024-07-17 16:28:38,Current,198
2024-07-17 16:28:39,Current,188
2024-07-17 16:28:40,Current,185
2024-07-17 16:28:41,Current,181
2024-07-17 16:28:42,Current,186
2024-07-17 16:28:43,Current,201
2024-07-17 16:28:44,Current,191
2024-07-17 16:28:45,Current,201
2024-07-17 16:28:46,Current,188
2024-07-17 16:28:47,Current,193
2024-07-17 16:28:48,Current,199
2024-07-17 16:28:49,Current,198
2024-07-17 16:28:50,Current,188
2024-07-17 16:28:52,Current,179
2024-07-17 16:28:53,Current,193
2024-07-17 16:28:54,Current,195
2024-07-17 16:28:55,Current,187
2024-07-17 16:28:56,Current,186
2024-07-17 16:28:57,Current,185
2024-07-17 16:28:58,Current,200
2024-07-17 16:28:59,Current,204
2024-07-17 16:29:00,Current,201
2024-07-17 16:29:01,Current,206
2024-07-17 16:29:02,Current,194
2024-07-17 16:29:03,Current,199
2024-07-17 16:29:04,Current,193
2024-07-17 16:29:06,Current,201
2024-07-17 16:29:07,Current,186
2024-07-17 16:29:08,Current,191
2024-07-17 16:29:09,Current,191
2024-07-17 16:29:10,Current,194
2024-07-17 16:29:11,Current,206
2024-07-17 16:29:12,Current,196
2024-07-17 16:29:13,Current,192
2024-07-17 16:29:14,Current,201
2024-07-17 16:29:15,Current,199
2024-07-17 16:29:16,Current,202
2024-07-17 16:29:17,Current,203
2024-07-17 16:29:18,Current,199
2024-07-17 16:29:20,Current,202
2024-07-17 16:29:21,Current,207
2024-07-17 16:29:22,Current,207
2024-07-17 16:29:23,Current,192
2024-07-17 16:29:24,Current,199
2024-07-17 16:29:25,Current,195
2024-07-17 16:29:26,Current,207
2024-07-17 16:29:27,Current,204
2024-07-17 16:29:28,Current,196
2024-07-17 16:29:29,Current,207
2024-07-17 16:29:30,Current,201
2024-07-17 16:29:31,Current,204
2024-07-17 16:29:33,Current,203
2024-07-17 16:29:34,Current,196
2024-07-17 16:29:35,Current,199
2024-07-17 16:29:36,Current,195
2024-07-17 16:29:37,Current,204
2024-07-17 16:29:38,Current,201
2024-07-17 16:29:39,Current,198
2024-07-17 16:29:40,Current,198
2024-07-17 16:29:41,Current,199
2024-07-17 16:29:42,Current,209
2024-07-17 16:29:43,Current,207
2024-07-17 16:29:44,Current,207
2024-07-17 16:29:45,Current,202
2024-07-17 16:29:46,Current,201
2024-07-17 16:29:48,Current,204
2024-07-17 16:29:49,Current,208
2024-07-17 16:29:50,Current,205
2024-07-17 16:29:51,Current,198
2024-07-17 16:29:52,Current,203
2024-07-17 16:29:53,Current,203
2024-07-17 16:29:54,Current,209
2024-07-17 16:29:55,Current,213
2024-07-17 16:29:56,Current,208
2024-07-17 16:29:57,Current,206
2024-07-17 16:29:58,Current,210
2024-07-17 16:29:59,Current,203
2024-07-17 16:30:01,Current,206
2024-07-17 16:30:02,Current,206
2024-07-17 16:30:03,Current,211
2024-07-17 16:30:04,Current,208
2024-07-17 16:30:05,Current,210
2024-07-17 16:30:06,Current,210
2024-07-17 16:30:07,Current,209
2024-07-17 16:30:08,Current,209
2024-07-17 16:30:09,Current,209
2024-07-17 16:30:10,Current,210
2024-07-17 16:30:11,Current,207
2024-07-17 16:30:12,Current,210
2024-07-17 16:30:13,Current,208
2024-07-17 16:30:15,Current,209
2024-07-17 16:30:16,Current,208
2024-07-17 16:30:17,Current,205
2024-07-17 16:30:18,Current,208
2024-07-17 16:30:19,Current,207
2024-07-17 16:30:20,Current,204
2024-07-17 16:30:21,Current,209
2024-07-17 16:30:22,Current,208
2024-07-17 16:30:23,Current,208
2024-07-17 16:30:24,Current,208
2024-07-17 16:30:25,Current,209
2024-07-17 16:30:26,Current,207
2024-07-17 16:30:27,Current,206
2024-07-17 16:30:29,Current,206
2024-07-17 16:30:30,Current,205
2024-07-17 16:30:31,Current,156
2024-07-17 16:30:32,Current,191
2024-07-17 16:30:33,Current,148
2024-07-17 16:30:34,Current,208
2024-07-17 16:30:35,Current,207
2024-07-17 16:30:36,Current,146
2024-07-17 16:30:37,Current,210
2024-07-17 16:30:38,Current,124
2024-07-17 16:30:39,Current,207
2024-07-17 16:30:40,Current,161
2024-07-17 16:30:41,Current,190
2024-07-17 16:30:42,Current,200
2024-07-17 16:30:44,Current,151
2024-07-17 16:30:45,Current,187
2024-07-17 16:30:46,Current,188
2024-07-17 16:30:47,Current,189
2024-07-17 16:30:48,Current,202
2024-07-17 16:30:49,Current,133
2024-07-17 16:30:50,Current,209
2024-07-17 16:30:51,Current,171
2024-07-17 16:30:52,Current,189
2024-07-17 16:30:53,Current,209
2024-07-17 16:30:54,Current,124
2024-07-17 16:30:55,Current,209
2024-07-17 16:30:56,Current,171
2024-07-17 16:30:58,Current,210
2024-07-17 16:30:59,Current,203
2024-07-17 16:31:00,Current,174
2024-07-17 16:31:01,Current,194
2024-07-17 16:31:02,Current,206
2024-07-17 16:31:03,Current,179
2024-07-17 16:31:04,Current,184
2024-07-17 16:31:05,Current,209
2024-07-17 16:31:06,Current,131
2024-07-17 16:31:07,Current,212
2024-07-17 16:31:08,Current,171
2024-07-17 16:31:09,Current,191
2024-07-17 16:31:10,Current,200
2024-07-17 16:31:12,Current,151
2024-07-17 16:31:13,Current,207
2024-07-17 16:31:14,Current,167
2024-07-17 16:31:15,Current,194
2024-07-17 16:31:16,Current,206
2024-07-17 16:31:17,Current,209
2024-07-17 16:31:18,Current,164
2024-07-17 16:31:19,Current,188
2024-07-17 16:31:20,Current,209
2024-07-17 16:31:21,Current,123
2024-07-17 16:31:22,Current,213
2024-07-17 16:31:23,Current,169
2024-07-17 16:31:24,Current,208
2024-07-17 16:31:26,Current,198
2024-07-17 16:31:27,Current,146
2024-07-17 16:31:28,Current,209
2024-07-17 16:31:29,Current,184
2024-07-17 16:31:30,Current,206
2024-07-17 16:31:31,Current,209
2024-07-17 16:31:32,Current,211
2024-07-17 16:31:33,Current,177
2024-07-17 16:31:34,Current,189
2024-07-17 16:31:35,Current,210
2024-07-17 16:31:36,Current,149
2024-07-17 16:31:37,Current,200
2024-07-17 16:31:38,Current,188
2024-07-17 16:31:40,Current,195
2024-07-17 16:31:41,Current,202
2024-07-17 16:31:42,Current,146
2024-07-17 16:31:43,Current,210
2024-07-17 16:31:44,Current,190
2024-07-17 16:31:45,Current,201
2024-07-17 16:31:46,Current,206
2024-07-17 16:31:47,Current,208
2024-07-17 16:31:48,Current,170
2024-07-17 16:31:49,Current,210
2024-07-17 16:31:50,Current,206
2024-07-17 16:31:51,Current,168
2024-07-17 16:31:52,Current,194
2024-07-17 16:31:54,Current,178
2024-07-17 16:31:55,Current,193
2024-07-17 16:31:56,Current,211
2024-07-17 16:31:57,Current,155
2024-07-17 16:31:58,Current,210
2024-07-17 16:31:59,Current,173
2024-07-17 16:32:00,Current,206
2024-07-17 16:32:01,Current,213
2024-07-17 16:32:02,Current,178
2024-07-17 16:32:03,Current,211
2024-07-17 16:32:04,Current,208
2024-07-17 16:32:05,Current,183
2024-07-17 16:32:06,Current,212
2024-07-17 16:32:08,Current,208
2024-07-17 16:32:09,Current,211
2024-07-17 16:32:10,Current,163
2024-07-17 16:32:11,Current,208
2024-07-17 16:32:12,Current,212
2024-07-17 16:32:13,Current,192
2024-07-17 16:32:14,Current,191
2024-07-17 16:32:15,Current,210
2024-07-17 16:32:16,Current,185
2024-07-17 16:32:17,Current,196
2024-07-17 16:32:18,Current,211
2024-07-17 16:32:19,Current,198
2024-07-17 16:32:20,Current,199
2024-07-17 16:32:22,Current,206
2024-07-17 16:32:23,Current,199
2024-07-17 16:32:24,Current,194
2024-07-17 16:32:25,Current,210
2024-07-17 16:32:26,Current,200
2024-07-17 16:32:27,Current,190
2024-07-17 16:32:28,Current,211
2024-07-17 16:32:29,Current,195
2024-07-17 16:32:30,Current,196
2024-07-17 16:32:31,Current,211
2024-07-17 16:32:32,Current,160
2024-07-17 16:32:33,Current,212
2024-07-17 16:32:34,Current,212
2024-07-17 16:32:36,Current,189
2024-07-17 16:32:37,Current,211
2024-07-17 16:32:38,Current,208
2024-07-17 16:32:39,Current,184
2024-07-17 16:32:40,Current,211
2024-07-17 16:32:41,Current,209
2024-07-17 16:32:42,Current,182
2024-07-17 16:32:43,Current,209
2024-07-17 16:32:44,Current,210
2024-07-17 16:32:45,Current,177
2024-07-17 16:32:46,Current,211
2024-07-17 16:32:47,Current,209
2024-07-17 16:32:48,Current,203
2024-07-17 16:32:49,Current,202
2024-07-17 16:32:51,Current,209
2024-07-17 16:32:52,Current,143
2024-07-17 16:32:53,Current,211
2024-07-17 16:32:54,Current,205
2024-07-17 16:32:55,Current,192
2024-07-17 16:32:56,Current,210
2024-07-17 16:32:57,Current,198
2024-07-17 16:32:58,Current,205
2024-07-17 16:32:59,Current,210
2024-07-17 16:33:00,Current,203
2024-07-17 16:33:01,Current,210
2024-07-17 16:33:02,Current,211
2024-07-17 16:33:03,Current,202
2024-07-17 16:33:05,Current,201
2024-07-17 16:33:06,Current,211
2024-07-17 16:33:07,Current,190
2024-07-17 16:33:08,Current,209
2024-07-17 16:33:09,Current,212
2024-07-17 16:33:10,Current,179
2024-07-17 16:33:11,Current,210
2024-07-17 16:33:12,Current,169
2024-07-17 16:33:13,Current,211
2024-07-17 16:33:14,Current,173
2024-07-17 16:33:15,Current,208
2024-07-17 16:33:16,Current,210
2024-07-17 16:33:17,Current,180
2024-07-17 16:33:18,Current,213
2024-07-17 16:33:20,Current,188
2024-07-17 16:33:21,Current,212
2024-07-17 16:33:22,Current,210
2024-07-17 16:33:23,Current,200
2024-07-17 16:33:24,Current,211
2024-07-17 16:33:25,Current,208
2024-07-17 16:33:26,Current,201
2024-07-17 16:33:27,Current,210
2024-07-17 16:33:28,Current,210
2024-07-17 16:33:29,Current,195
2024-07-17 16:33:30,Current,209
2024-07-17 16:33:31,Current,206
2024-07-17 16:33:32,Current,202
2024-07-17 16:33:34,Current,208
2024-07-17 16:33:35,Current,210
2024-07-17 16:33:36,Current,175
2024-07-17 16:33:37,Current,210
2024-07-17 16:33:38,Current,186
2024-07-17 16:33:39,Current,205
2024-07-17 16:33:40,Current,210
2024-07-17 16:33:41,Current,199
2024-07-17 16:33:42,Current,212
2024-07-17 16:33:43,Current,180
2024-07-17 16:33:44,Current,212
2024-07-17 16:33:45,Current,207
2024-07-17 16:33:46,Current,204
2024-07-17 16:33:48,Current,212
2024-07-17 16:33:49,Current,212
2024-07-17 16:33:50,Current,205
2024-07-17 16:33:51,Current,201
2024-07-17 16:33:52,Current,209
2024-07-17 16:33:53,Current,208
2024-07-17 16:33:54,Current,206
2024-07-17 16:33:55,Current,211
2024-07-17 16:33:56,Current,209
2024-07-17 16:33:57,Current,209
2024-07-17 16:33:58,Current,210
2024-07-17 16:33:59,Current,204
2024-07-17 16:34:00,Current,211
2024-07-17 16:34:02,Current,210
2024-07-17 16:34:03,Current,191
2024-07-17 16:34:04,Current,210
2024-07-17 16:34:05,Current,196
2024-07-17 16:34:06,Current,209
2024-07-17 16:34:07,Current,209
2024-07-17 16:34:08,Current,193
2024-07-17 16:34:09,Current,210
2024-07-17 16:34:10,Current,198
2024-07-17 16:34:11,Current,210
2024-07-17 16:34:12,Current,208
2024-07-17 16:34:13,Current,209
2024-07-17 16:34:14,Current,208
2024-07-17 16:34:16,Current,207
2024-07-17 16:34:17,Current,199
2024-07-17 16:34:18,Current,209
2024-07-17 16:34:19,Current,186
2024-07-17 16:34:20,Current,208
2024-07-17 16:34:21,Current,211
2024-07-17 16:34:22,Current,196
2024-07-17 16:34:23,Current,210
2024-07-17 16:34:24,Current,190
2024-07-17 16:34:25,Current,212
2024-07-17 16:34:26,Current,210
2024-07-17 16:34:27,Current,198
2024-07-17 16:34:29,Current,211
2024-07-17 16:34:30,Current,172
2024-07-17 16:34:31,Current,211
2024-07-17 16:34:32,Current,195
2024-07-17 16:34:33,Current,211
2024-07-17 16:34:34,Current,211
2024-07-17 16:34:35,Current,202
2024-07-17 16:34:36,Current,212
2024-07-17 16:34:37,Current,193
2024-07-17 16:34:38,Current,210
2024-07-17 16:34:39,Current,212
2024-07-17 16:34:40,Current,202
2024-07-17 16:34:41,Current,209
2024-07-17 16:34:43,Current,194
2024-07-17 16:34:44,Current,209
2024-07-17 16:34:45,Current,210
2024-07-17 16:34:46,Current,209
2024-07-17 16:34:47,Current,212
2024-07-17 16:34:48,Current,175
2024-07-17 16:34:49,Current,211
2024-07-17 16:34:50,Current,206
2024-07-17 16:34:51,Current,210
2024-07-17 16:34:52,Current,208
2024-07-17 16:34:53,Current,211
2024-07-17 16:34:54,Current,210
2024-07-17 16:34:55,Current,200
2024-07-17 16:34:57,Current,209
2024-07-17 16:34:58,Current,211
2024-07-17 16:34:59,Current,209
2024-07-17 16:35:00,Current,212
2024-07-17 16:35:01,Current,200
2024-07-17 16:35:02,Current,210
2024-07-17 16:35:03,Current,205
2024-07-17 16:35:04,Current,208
2024-07-17 16:35:05,Current,211
2024-07-17 16:35:06,Current,203
2024-07-17 16:35:07,Current,211
2024-07-17 16:35:08,Current,208
2024-07-17 16:35:09,Current,210
2024-07-17 16:35:11,Current,211
2024-07-17 16:35:12,Current,205
2024-07-17 16:35:13,Current,209
2024-07-17 16:35:14,Current,210
2024-07-17 16:35:15,Current,209
2024-07-17 16:35:16,Current,208
2024-07-17 16:35:17,Current,207
2024-07-17 16:35:18,Current,211
2024-07-17 16:35:19,Current,177
2024-07-17 16:35:20,Current,210
2024-07-17 16:35:21,Current,209
2024-07-17 16:35:22,Current,211
2024-07-17 16:35:23,Current,209
2024-07-17 16:35:25,Current,207
2024-07-17 16:35:26,Current,203
2024-07-17 16:35:27,Current,186
2024-07-17 16:35:28,Current,208
2024-07-17 16:35:29,Current,168
2024-07-17 16:35:30,Current,210
2024-07-17 16:35:31,Current,178
2024-07-17 16:35:32,Current,210
2024-07-17 16:35:33,Current,197
2024-07-17 16:35:34,Current,210
2024-07-17 16:35:35,Current,208
2024-07-17 16:35:36,Current,204
2024-07-17 16:35:37,Current,199
2024-07-17 16:35:39,Current,211
2024-07-17 16:35:40,Current,196
2024-07-17 16:35:41,Current,213
2024-07-17 16:35:42,Current,161
2024-07-17 16:35:43,Current,211
2024-07-17 16:35:44,Current,190
2024-07-17 16:35:45,Current,212
2024-07-17 16:35:46,Current,208
2024-07-17 16:35:47,Current,206
2024-07-17 16:35:48,Current,187
2024-07-17 16:35:49,Current,211
2024-07-17 16:35:50,Current,196
2024-07-17 16:35:51,Current,210
2024-07-17 16:35:53,Current,178
2024-07-17 16:35:54,Current,211
2024-07-17 16:35:55,Current,189
2024-07-17 16:35:56,Current,211
2024-07-17 16:35:57,Current,205
2024-07-17 16:35:58,Current,212
2024-07-17 16:35:59,Current,195
2024-07-17 16:36:00,Current,211
2024-07-17 16:36:01,Current,201
2024-07-17 16:36:02,Current,208
2024-07-17 16:36:03,Current,174
2024-07-17 16:36:04,Current,211
2024-07-17 16:36:05,Current,208
2024-07-17 16:36:07,Current,211
2024-07-17 16:36:08,Current,170
2024-07-17 16:36:09,Current,211
2024-07-17 16:36:10,Current,210
2024-07-17 16:36:11,Current,211
2024-07-17 16:36:12,Current,204
2024-07-17 16:36:13,Current,210
2024-07-17 16:36:14,Current,194
2024-07-17 16:36:15,Current,211
2024-07-17 16:36:16,Current,184
2024-07-17 16:36:17,Current,211
2024-07-17 16:36:18,Current,209
2024-07-17 16:36:19,Current,210
2024-07-17 16:36:21,Current,193
2024-07-17 16:36:22,Current,211
2024-07-17 16:36:23,Current,204
2024-07-17 16:36:24,Current,210
2024-07-17 16:36:25,Current,200
2024-07-17 16:36:26,Current,209
2024-07-17 16:36:27,Current,191
2024-07-17 16:36:28,Current,211
2024-07-17 16:36:29,Current,192
2024-07-17 16:36:30,Current,211
2024-07-17 16:36:31,Current,211
2024-07-17 16:36:32,Current,210
2024-07-17 16:36:33,Current,202
2024-07-17 16:36:34,Current,209
2024-07-17 16:36:36,Current,203
2024-07-17 16:36:37,Current,212
2024-07-17 16:36:38,Current,202
2024-07-17 16:36:39,Current,210
2024-07-17 16:36:40,Current,199
2024-07-17 16:36:41,Current,210
2024-07-17 16:36:42,Current,201
2024-07-17 16:36:43,Current,208
2024-07-17 16:36:44,Current,204
2024-07-17 16:36:45,Current,209
2024-07-17 16:36:46,Current,205
2024-07-17 16:36:47,Current,211
2024-07-17 16:36:48,Current,188
2024-07-17 16:36:50,Current,210
2024-07-17 16:36:51,Current,192
2024-07-17 16:36:52,Current,210
2024-07-17 16:36:53,Current,198
2024-07-17 16:36:54,Current,211
2024-07-17 16:36:55,Current,200
2024-07-17 16:36:56,Current,208
2024-07-17 16:36:57,Current,205
2024-07-17 16:36:58,Current,210
2024-07-17 16:36:59,Current,211
2024-07-17 16:37:00,Current,210
2024-07-17 16:37:01,Current,187
2024-07-17 16:37:02,Current,211
2024-07-17 16:37:04,Current,212
2024-07-17 16:37:05,Current,211
2024-07-17 16:37:06,Current,200
2024-07-17 16:37:07,Current,208
2024-07-17 16:37:08,Current,210
2024-07-17 16:37:09,Current,211
2024-07-17 16:37:10,Current,206
2024-07-17 16:37:11,Current,212
2024-07-17 16:37:12,Current,194
2024-07-17 16:37:13,Current,210
2024-07-17 16:37:14,Current,198
2024-07-17 16:37:15,Current,213
2024-07-17 16:37:16,Current,204
2024-07-17 16:37:18,Current,209
2024-07-17 16:37:19,Current,198
2024-07-17 16:37:20,Current,210
2024-07-17 16:37:21,Current,209
2024-07-17 16:37:22,Current,210
2024-07-17 16:37:23,Current,207
2024-07-17 16:37:24,Current,209
2024-07-17 16:37:25,Current,201
2024-07-17 16:37:26,Current,212
2024-07-17 16:37:27,Current,208
2024-07-17 16:37:28,Current,212
2024-07-17 16:37:29,Current,204
2024-07-17 16:37:30,Current,213
2024-07-17 16:37:32,Current,210
2024-07-17 16:37:33,Current,211
2024-07-17 16:37:34,Current,209
2024-07-17 16:37:35,Current,210
2024-07-17 16:37:36,Current,209
2024-07-17 16:37:37,Current,210
2024-07-17 16:37:38,Current,206
2024-07-17 16:37:39,Current,212
2024-07-17 16:37:40,Current,207
2024-07-17 16:37:41,Current,212
2024-07-17 16:37:42,Current,207
2024-07-17 16:37:43,Current,211
2024-07-17 16:37:44,Current,209
2024-07-17 16:37:46,Current,211
2024-07-17 16:37:47,Current,212
2024-07-17 16:37:48,Current,209
2024-07-17 16:37:49,Current,212
2024-07-17 16:37:50,Current,210
2024-07-17 16:37:51,Current,209
2024-07-17 16:37:52,Current,211
2024-07-17 16:37:53,Current,210
2024-07-17 16:37:54,Current,211
2024-07-17 16:37:55,Current,206
2024-07-17 16:37:56,Current,210
2024-07-17 16:37:57,Current,207
2024-07-17 16:37:58,Current,207
2024-07-17 16:38:00,Current,207
2024-07-17 16:38:01,Current,203
2024-07-17 16:38:02,Current,204
2024-07-17 16:38:03,Current,202
2024-07-17 16:38:04,Current,206
2024-07-17 16:38:05,Current,203
2024-07-17 16:38:06,Current,202
2024-07-17 16:38:07,Current,200
2024-07-17 16:38:08,Current,194
2024-07-17 16:38:09,Current,212
2024-07-17 16:38:10,Current,209
2024-07-17 16:38:11,Current,210
2024-07-17 16:38:12,Current,209
2024-07-17 16:38:13,Current,212
2024-07-17 16:38:15,Current,209
2024-07-17 16:38:16,Current,211
2024-07-17 16:38:17,Current,211
2024-07-17 16:38:18,Current,185
2024-07-17 16:38:19,Current,211
2024-07-17 16:38:20,Current,203
2024-07-17 16:38:21,Current,213
2024-07-17 16:38:22,Current,193
2024-07-17 16:38:23,Current,205
2024-07-17 16:38:24,Current,212
2024-07-17 16:38:25,Current,209
2024-07-17 16:38:26,Current,193
2024-07-17 16:38:27,Current,168
2024-07-17 16:38:29,Current,209
2024-07-17 16:38:30,Current,201
2024-07-17 16:38:31,Current,212
2024-07-17 16:38:32,Current,213
2024-07-17 16:38:33,Current,208
2024-07-17 16:38:34,Current,210
2024-07-17 16:38:35,Current,190
2024-07-17 16:38:36,Current,210
2024-07-17 16:38:37,Current,180
2024-07-17 16:38:38,Current,195
2024-07-17 16:38:39,Current,211
2024-07-17 16:38:40,Current,167
2024-07-17 16:38:42,Current,209
2024-07-17 16:38:43,Current,189
2024-07-17 16:38:44,Current,212
2024-07-17 16:38:45,Current,211
2024-07-17 16:38:46,Current,207
2024-07-17 16:38:47,Current,211
2024-07-17 16:38:48,Current,171
2024-07-17 16:38:49,Current,209
2024-07-17 16:38:50,Current,202
2024-07-17 16:38:51,Current,212
2024-07-17 16:38:52,Current,211
2024-07-17 16:38:53,Current,208
2024-07-17 16:38:54,Current,206
2024-07-17 16:38:55,Current,188
2024-07-17 16:38:57,Current,212
2024-07-17 16:38:58,Current,201
2024-07-17 16:38:59,Current,211
2024-07-17 16:39:00,Current,207
2024-07-17 16:39:01,Current,209
2024-07-17 16:39:02,Current,211
2024-07-17 16:39:03,Current,211
2024-07-17 16:39:04,Current,211
2024-07-17 16:39:05,Current,168
2024-07-17 16:39:06,Current,209
2024-07-17 16:39:07,Current,198
2024-07-17 16:39:08,Current,210
2024-07-17 16:39:09,Current,212
2024-07-17 16:39:11,Current,174
2024-07-17 16:39:12,Current,209
2024-07-17 16:39:13,Current,212
2024-07-17 16:39:14,Current,211
2024-07-17 16:39:15,Current,210
2024-07-17 16:39:16,Current,187
2024-07-17 16:39:17,Current,209
2024-07-17 16:39:18,Current,211
2024-07-17 16:39:19,Current,211
2024-07-17 16:39:20,Current,203
2024-07-17 16:39:21,Current,208
2024-07-17 16:39:22,Current,210
2024-07-17 16:39:23,Current,186
2024-07-17 16:39:25,Current,212
2024-07-17 16:39:26,Current,212
2024-07-17 16:39:27,Current,208
2024-07-17 16:39:28,Current,197
2024-07-17 16:39:29,Current,210
2024-07-17 16:39:30,Current,212
2024-07-17 16:39:31,Current,193
2024-07-17 16:39:32,Current,210
2024-07-17 16:39:33,Current,210
2024-07-17 16:39:34,Current,207
2024-07-17 16:39:35,Current,205
2024-07-17 16:39:36,Current,210
2024-07-17 16:39:37,Current,208
2024-07-17 16:39:38,Current,195
2024-07-17 16:39:40,Current,210
2024-07-17 16:39:41,Current,192
2024-07-17 16:39:42,Current,207
2024-07-17 16:39:43,Current,210
2024-07-17 16:39:44,Current,187
2024-07-17 16:39:45,Current,209
2024-07-17 16:39:46,Current,211
2024-07-17 16:39:47,Current,208
2024-07-17 16:39:48,Current,205
2024-07-17 16:39:49,Current,210
2024-07-17 16:39:50,Current,210
2024-07-17 16:39:51,Current,197
2024-07-17 16:39:53,Current,210
2024-07-17 16:39:54,Current,199
2024-07-17 16:39:55,Current,211
2024-07-17 16:39:56,Current,209
2024-07-17 16:39:57,Current,187
2024-07-17 16:39:58,Current,209
2024-07-17 16:39:59,Current,210
2024-07-17 16:40:00,Current,210
2024-07-17 16:40:01,Current,210
2024-07-17 16:40:02,Current,209
2024-07-17 16:40:03,Current,209
2024-07-17 16:40:04,Current,199
2024-07-17 16:40:05,Current,210
2024-07-17 16:40:07,Current,202
2024-07-17 16:40:08,Current,210
2024-07-17 16:40:09,Current,212
2024-07-17 16:40:10,Current,188
2024-07-17 16:40:11,Current,211
2024-07-17 16:40:12,Current,210
2024-07-17 16:40:13,Current,212
2024-07-17 16:40:14,Current,203
2024-07-17 16:40:15,Current,204
2024-07-17 16:40:16,Current,209
2024-07-17 16:40:17,Current,199
2024-07-17 16:40:18,Current,211
2024-07-17 16:40:19,Current,211
2024-07-17 16:40:21,Current,186
2024-07-17 16:40:22,Current,210
2024-07-17 16:40:23,Current,200
2024-07-17 16:40:24,Current,211
2024-07-17 16:40:25,Current,206
2024-07-17 16:40:26,Current,164
2024-07-17 16:40:27,Current,211
2024-07-17 16:40:28,Current,210
2024-07-17 16:40:29,Current,209
2024-07-17 16:40:30,Current,210
2024-07-17 16:40:31,Current,208
2024-07-17 16:40:32,Current,210
2024-07-17 16:40:33,Current,197
2024-07-17 16:40:35,Current,211
2024-07-17 16:40:36,Current,211
2024-07-17 16:40:37,Current,189
2024-07-17 16:40:38,Current,212
2024-07-17 16:40:39,Current,202
2024-07-17 16:40:40,Current,211
2024-07-17 16:40:41,Current,209
2024-07-17 16:40:42,Current,195
2024-07-17 16:40:43,Current,211
2024-07-17 16:40:44,Current,203
2024-07-17 16:40:45,Current,211
2024-07-17 16:40:46,Current,207
2024-07-17 16:40:47,Current,202
2024-07-17 16:40:48,Current,211
2024-07-17 16:40:50,Current,201
2024-07-17 16:40:51,Current,210
2024-07-17 16:40:52,Current,210
2024-07-17 16:40:53,Current,203
2024-07-17 16:40:54,Current,211
2024-07-17 16:40:55,Current,209
2024-07-17 16:40:56,Current,207
2024-07-17 16:40:57,Current,208
2024-07-17 16:40:58,Current,204
2024-07-17 16:40:59,Current,208
2024-07-17 16:41:00,Current,209
2024-07-17 16:41:01,Current,208
2024-07-17 16:41:02,Current,210
2024-07-17 16:41:03,Current,202
2024-07-17 16:41:05,Current,210
2024-07-17 16:41:06,Current,211
2024-07-17 16:41:07,Current,207
2024-07-17 16:41:08,Current,210
2024-07-17 16:41:09,Current,204
2024-07-17 16:41:10,Current,212
2024-07-17 16:41:11,Current,212
2024-07-17 16:41:12,Current,207
2024-07-17 16:41:13,Current,212
2024-07-17 16:41:14,Current,203
2024-07-17 16:41:15,Current,212
2024-07-17 16:41:16,Current,209
2024-07-17 16:41:17,Current,208
2024-07-17 16:41:19,Current,208
2024-07-17 16:41:20,Current,197
2024-07-17 16:41:21,Current,213
2024-07-17 16:41:22,Current,210
2024-07-17 16:41:23,Current,207
2024-07-17 16:41:24,Current,212
2024-07-17 16:41:25,Current,201
2024-07-17 16:41:26,Current,211
2024-07-17 16:41:27,Current,208
2024-07-17 16:41:28,Current,209
2024-07-17 16:41:29,Current,209
2024-07-17 16:41:30,Current,200
2024-07-17 16:41:31,Current,210
2024-07-17 16:41:33,Current,209
2024-07-17 16:41:34,Current,173
2024-07-17 16:41:35,Current,210
2024-07-17 16:41:36,Current,210
2024-07-17 16:41:37,Current,211
2024-07-17 16:41:38,Current,209
2024-07-17 16:41:39,Current,209
2024-07-17 16:41:40,Current,210
2024-07-17 16:41:41,Current,207
2024-07-17 16:41:42,Current,207
2024-07-17 16:41:43,Current,205
2024-07-17 16:41:44,Current,206
2024-07-17 16:41:45,Current,205
2024-07-17 16:41:47,Current,204
2024-07-17 16:41:48,Current,168
2024-07-17 16:41:49,Current,208
2024-07-17 16:41:50,Current,210
2024-07-17 16:41:51,Current,208
2024-07-17 16:41:52,Current,209
2024-07-17 16:41:53,Current,194
2024-07-17 16:41:54,Current,210
2024-07-17 16:41:55,Current,202
2024-07-17 16:41:56,Current,190
2024-07-17 16:41:57,Current,211
2024-07-17 16:41:58,Current,207
2024-07-17 16:41:59,Current,186
2024-07-17 16:42:01,Current,208
2024-07-17 16:42:02,Current,210
2024-07-17 16:42:03,Current,210
2024-07-17 16:42:04,Current,212
2024-07-17 16:42:05,Current,203
2024-07-17 16:42:06,Current,210
2024-07-17 16:42:07,Current,211
2024-07-17 16:42:08,Current,200
2024-07-17 16:42:09,Current,210
2024-07-17 16:42:10,Current,198
2024-07-17 16:42:11,Current,200
2024-07-17 16:42:12,Current,212
2024-07-17 16:42:13,Current,209
2024-07-17 16:42:15,Current,209
2024-07-17 16:42:16,Current,207
2024-07-17 16:42:17,Current,203
2024-07-17 16:42:18,Current,212
2024-07-17 16:42:19,Current,208
2024-07-17 16:42:20,Current,200
2024-07-17 16:42:21,Current,208
2024-07-17 16:42:22,Current,209
2024-07-17 16:42:23,Current,179
2024-07-17 16:42:24,Current,211
2024-07-17 16:42:25,Current,191
2024-07-17 16:42:26,Current,164
2024-07-17 16:42:27,Current,210
2024-07-17 16:42:29,Current,208
2024-07-17 16:42:30,Current,199
2024-07-17 16:42:31,Current,210
2024-07-17 16:42:32,Current,209
2024-07-17 16:42:33,Current,184
2024-07-17 16:42:34,Current,210
2024-07-17 16:42:35,Current,209
2024-07-17 16:42:36,Current,175
2024-07-17 16:42:37,Current,209
2024-07-17 16:42:38,Current,205
2024-07-17 16:42:39,Current,195
2024-07-17 16:42:40,Current,211
2024-07-17 16:42:41,Current,207
2024-07-17 16:42:42,Current,179
2024-07-17 16:42:44,Current,208
2024-07-17 16:42:45,Current,211
2024-07-17 16:42:46,Current,192
2024-07-17 16:42:47,Current,209
2024-07-17 16:42:48,Current,208
2024-07-17 16:42:49,Current,181
2024-07-17 16:42:50,Current,211
2024-07-17 16:42:51,Current,210
2024-07-17 16:42:52,Current,170
2024-07-17 16:42:53,Current,212
2024-07-17 16:42:54,Current,210
2024-07-17 16:42:55,Current,202
2024-07-17 16:42:56,Current,209
2024-07-17 16:42:58,Current,208
2024-07-17 16:42:59,Current,186
2024-07-17 16:43:00,Current,209
2024-07-17 16:43:01,Current,212
2024-07-17 16:43:02,Current,166
2024-07-17 16:43:03,Current,209
2024-07-17 16:43:04,Current,209
2024-07-17 16:43:05,Current,209
2024-07-17 16:43:06,Current,210
2024-07-17 16:43:07,Current,210
2024-07-17 16:43:08,Current,182
2024-07-17 16:43:09,Current,211
2024-07-17 16:43:10,Current,209
2024-07-17 16:43:12,Current,181
2024-07-17 16:43:13,Current,210
2024-07-17 16:43:14,Current,208
2024-07-17 16:43:15,Current,203
2024-07-17 16:43:16,Current,212
2024-07-17 16:43:17,Current,210
2024-07-17 16:43:18,Current,199
2024-07-17 16:43:19,Current,209
2024-07-17 16:43:20,Current,210
2024-07-17 16:43:21,Current,197
2024-07-17 16:43:22,Current,209
2024-07-17 16:43:23,Current,208
2024-07-17 16:43:24,Current,197
2024-07-17 16:43:26,Current,209
2024-07-17 16:43:27,Current,211
2024-07-17 16:43:28,Current,191
2024-07-17 16:43:29,Current,212
2024-07-17 16:43:30,Current,209
2024-07-17 16:43:31,Current,189
2024-07-17 16:43:32,Current,213
2024-07-17 16:43:33,Current,209
2024-07-17 16:43:34,Current,197
2024-07-17 16:43:35,Current,209
2024-07-17 16:43:36,Current,207
2024-07-17 16:43:37,Current,185
2024-07-17 16:43:38,Current,210
2024-07-17 16:43:40,Current,210
2024-07-17 16:43:41,Current,208
2024-07-17 16:43:42,Current,210
2024-07-17 16:43:43,Current,208
2024-07-17 16:43:44,Current,197
2024-07-17 16:43:45,Current,211
2024-07-17 16:43:46,Current,207
2024-07-17 16:43:47,Current,183
2024-07-17 16:43:48,Current,211
2024-07-17 16:43:49,Current,211
2024-07-17 16:43:50,Current,208
2024-07-17 16:43:51,Current,207
2024-07-17 16:43:52,Current,208
2024-07-17 16:43:54,Current,200
2024-07-17 16:43:55,Current,209
2024-07-17 16:43:56,Current,208
2024-07-17 16:43:57,Current,171
2024-07-17 16:43:58,Current,210
2024-07-17 16:43:59,Current,209
2024-07-17 16:44:00,Current,212
2024-07-17 16:44:01,Current,209
2024-07-17 16:44:02,Current,206
2024-07-17 16:44:03,Current,203
2024-07-17 16:44:04,Current,212
2024-07-17 16:44:05,Current,211
2024-07-17 16:44:06,Current,204
2024-07-17 16:44:08,Current,209
2024-07-17 16:44:09,Current,209
2024-07-17 16:44:10,Current,201
2024-07-17 16:44:11,Current,212
2024-07-17 16:44:12,Current,207
2024-07-17 16:44:13,Current,200
2024-07-17 16:44:14,Current,210
2024-07-17 16:44:15,Current,210
2024-07-17 16:44:16,Current,203
2024-07-17 16:44:17,Current,209
2024-07-17 16:44:18,Current,207
2024-07-17 16:44:19,Current,205
2024-07-17 16:44:20,Current,211
2024-07-17 16:44:21,Current,209
2024-07-17 16:44:23,Current,188
2024-07-17 16:44:24,Current,208
2024-07-17 16:44:25,Current,210
2024-07-17 16:44:26,Current,190
2024-07-17 16:44:27,Current,211
2024-07-17 16:44:28,Current,211
2024-07-17 16:44:29,Current,197
2024-07-17 16:44:30,Current,210
2024-07-17 16:44:31,Current,211
2024-07-17 16:44:32,Current,206
2024-07-17 16:44:33,Current,209
2024-07-17 16:44:34,Current,210
2024-07-17 16:44:36,Current,200
2024-07-17 16:44:37,Current,211
2024-07-17 16:44:38,Current,210
2024-07-17 16:44:39,Current,210
2024-07-17 16:44:40,Current,208
2024-07-17 16:44:41,Current,209
2024-07-17 16:44:42,Current,193
2024-07-17 16:44:43,Current,211
2024-07-17 16:44:44,Current,210
2024-07-17 16:44:45,Current,204
2024-07-17 16:44:46,Current,211
2024-07-17 16:44:47,Current,209
2024-07-17 16:44:48,Current,210
2024-07-17 16:44:50,Current,209
2024-07-17 16:44:51,Current,211
2024-07-17 16:44:52,Current,203
2024-07-17 16:44:53,Current,213
2024-07-17 16:44:54,Current,211
2024-07-17 16:44:55,Current,208
2024-07-17 16:44:56,Current,210
2024-07-17 16:44:57,Current,209
2024-07-17 16:44:58,Current,201
2024-07-17 16:44:59,Current,211
2024-07-17 16:45:00,Current,209
2024-07-17 16:45:01,Current,207
2024-07-17 16:45:02,Current,206
2024-07-17 16:45:04,Current,208
2024-07-17 16:45:05,Current,208
2024-07-17 16:45:06,Current,209
2024-07-17 16:45:07,Current,209
2024-07-17 16:45:08,Current,206
2024-07-17 16:45:09,Current,209
2024-07-17 16:45:10,Current,208
2024-07-17 16:45:11,Current,208
2024-07-17 16:45:12,Current,214
2024-07-17 16:45:13,Current,208
2024-07-17 16:45:14,Current,207
2024-07-17 16:45:15,Current,208
2024-07-17 16:45:16,Current,208
2024-07-17 16:45:18,Current,209
2024-07-17 16:45:19,Current,204
2024-07-17 16:45:20,Current,206
2024-07-17 16:45:21,Current,205
2024-07-17 16:45:22,Current,206
2024-07-17 16:45:23,Current,205
2024-07-17 16:45:24,Current,202
2024-07-17 16:45:25,Current,204
2024-07-17 16:45:26,Current,203
2024-07-17 16:45:27,Current,202
2024-07-17 16:45:28,Current,201
2024-07-17 16:45:29,Current,200
2024-07-17 16:45:30,Current,201
2024-07-17 16:45:31,Current,203
2024-07-17 16:45:33,Current,200
2024-07-17 16:45:34,Current,193
2024-07-17 16:45:35,Current,209
2024-07-17 16:45:36,Current,208
2024-07-17 16:45:37,Current,204
2024-07-17 16:45:38,Current,212
2024-07-17 16:45:39,Current,208
2024-07-17 16:45:40,Current,209
2024-07-17 16:45:41,Current,176
2024-07-17 16:45:42,Current,211
2024-07-17 16:45:43,Current,209
2024-07-17 16:45:44,Current,189
2024-07-17 16:45:45,Current,210
2024-07-17 16:45:47,Current,210
2024-07-17 16:45:48,Current,184
2024-07-17 16:45:49,Current,209
2024-07-17 16:45:50,Current,210
2024-07-17 16:45:51,Current,208
2024-07-17 16:45:52,Current,208
2024-07-17 16:45:53,Current,209
2024-07-17 16:45:54,Current,207
2024-07-17 16:45:55,Current,172
2024-07-17 16:45:56,Current,210
2024-07-17 16:45:57,Current,213
2024-07-17 16:45:58,Current,209
2024-07-17 16:45:59,Current,210
2024-07-17 16:46:01,Current,211
2024-07-17 16:46:02,Current,192
2024-07-17 16:46:03,Current,212
2024-07-17 16:46:04,Current,212
2024-07-17 16:46:05,Current,208
2024-07-17 16:46:06,Current,163
2024-07-17 16:46:07,Current,209
2024-07-17 16:46:08,Current,209
2024-07-17 16:46:09,Current,211
2024-07-17 16:46:10,Current,209
2024-07-17 16:46:11,Current,207
2024-07-17 16:46:12,Current,203
2024-07-17 16:46:13,Current,213
2024-07-17 16:46:15,Current,211
2024-07-17 16:46:16,Current,211
2024-07-17 16:46:17,Current,208
2024-07-17 16:46:18,Current,207
2024-07-17 16:46:19,Current,207
2024-07-17 16:46:20,Current,181
2024-07-17 16:46:21,Current,210
2024-07-17 16:46:22,Current,210
2024-07-17 16:46:23,Current,202
2024-07-17 16:46:24,Current,212
2024-07-17 16:46:25,Current,208
2024-07-17 16:46:26,Current,201
2024-07-17 16:46:27,Current,211
2024-07-17 16:46:29,Current,210
2024-07-17 16:46:30,Current,209
2024-07-17 16:46:31,Current,208
2024-07-17 16:46:32,Current,208
2024-07-17 16:46:33,Current,206
2024-07-17 16:46:34,Current,185
2024-07-17 16:46:35,Current,209
2024-07-17 16:46:36,Current,209
2024-07-17 16:46:37,Current,209
2024-07-17 16:46:38,Current,208
2024-07-17 16:46:39,Current,207
2024-07-17 16:46:40,Current,206
2024-07-17 16:46:41,Current,208
2024-07-17 16:46:43,Current,207
2024-07-17 16:46:44,Current,208
2024-07-17 16:46:45,Current,174
2024-07-17 16:46:46,Current,210
2024-07-17 16:46:47,Current,209
2024-07-17 16:46:48,Current,203
2024-07-17 16:46:49,Current,211
2024-07-17 16:46:50,Current,209
2024-07-17 16:46:51,Current,209
2024-07-17 16:46:52,Current,209
2024-07-17 16:46:53,Current,211
2024-07-17 16:46:54,Current,200
2024-07-17 16:46:55,Current,191
2024-07-17 16:46:57,Current,212
2024-07-17 16:46:58,Current,210
2024-07-17 16:46:59,Current,208
2024-07-17 16:47:00,Current,213
2024-07-17 16:47:01,Current,208
2024-07-17 16:47:02,Current,209
2024-07-17 16:47:03,Current,208
2024-07-17 16:47:04,Current,208
2024-07-17 16:47:05,Current,202
2024-07-17 16:47:06,Current,166
2024-07-17 16:47:07,Current,213
2024-07-17 16:47:08,Current,212
2024-07-17 16:47:09,Current,208
2024-07-17 16:47:11,Current,211
2024-07-17 16:47:12,Current,209
2024-07-17 16:47:13,Current,212
2024-07-17 16:47:14,Current,187
2024-07-17 16:47:15,Current,210
2024-07-17 16:47:16,Current,210
2024-07-17 16:47:17,Current,206
2024-07-17 16:47:18,Current,197
2024-07-17 16:47:19,Current,208
2024-07-17 16:47:20,Current,209
2024-07-17 16:47:21,Current,197
2024-07-17 16:47:22,Current,208
2024-07-17 16:47:23,Current,210
2024-07-17 16:47:25,Current,187
2024-07-17 16:47:26,Current,212
2024-07-17 16:47:27,Current,210
2024-07-17 16:47:28,Current,209
2024-07-17 16:47:29,Current,194
2024-07-17 16:47:30,Current,208
2024-07-17 16:47:31,Current,211
2024-07-17 16:47:32,Current,204
2024-07-17 16:47:33,Current,211
2024-07-17 16:47:34,Current,209
2024-07-17 16:47:35,Current,211
2024-07-17 16:47:36,Current,206
2024-07-17 16:47:37,Current,210
2024-07-17 16:47:39,Current,210
2024-07-17 16:47:40,Current,193
2024-07-17 16:47:41,Current,212
2024-07-17 16:47:42,Current,211
2024-07-17 16:47:43,Current,211
2024-07-17 16:47:44,Current,176
2024-07-17 16:47:45,Current,213
2024-07-17 16:47:46,Current,212
2024-07-17 16:47:47,Current,210
2024-07-17 16:47:48,Current,208
2024-07-17 16:47:49,Current,208
2024-07-17 16:47:50,Current,206
2024-07-17 16:47:52,Current,189
2024-07-17 16:47:53,Current,211
2024-07-17 16:47:54,Current,212
2024-07-17 16:47:55,Current,208
2024-07-17 16:47:56,Current,207
2024-07-17 16:47:57,Current,209
2024-07-17 16:47:58,Current,208
2024-07-17 16:47:59,Current,209
2024-07-17 16:48:00,Current,208
2024-07-17 16:48:01,Current,209
2024-07-17 16:48:02,Current,195
2024-07-17 16:48:03,Current,211
2024-07-17 16:48:04,Current,212
2024-07-17 16:48:06,Current,208
2024-07-17 16:48:07,Current,199
2024-07-17 16:48:08,Current,210
2024-07-17 16:48:09,Current,210
2024-07-17 16:48:10,Current,200
2024-07-17 16:48:11,Current,212
2024-07-17 16:48:12,Current,210
2024-07-17 16:48:13,Current,212
2024-07-17 16:48:14,Current,194
2024-07-17 16:48:15,Current,212
2024-07-17 16:48:16,Current,209
2024-07-17 16:48:17,Current,196
2024-07-17 16:48:18,Current,211
2024-07-17 16:48:20,Current,212
2024-07-17 16:48:21,Current,211
2024-07-17 16:48:22,Current,207
2024-07-17 16:48:23,Current,212
2024-07-17 16:48:24,Current,211
2024-07-17 16:48:25,Current,200
2024-07-17 16:48:26,Current,211
2024-07-17 16:48:27,Current,210
2024-07-17 16:48:28,Current,209
2024-07-17 16:48:29,Current,207
2024-07-17 16:48:30,Current,209
2024-07-17 16:48:31,Current,207
2024-07-17 16:48:32,Current,206
2024-07-17 16:48:33,Current,211
2024-07-17 16:48:35,Current,211
2024-07-17 16:48:36,Current,211
2024-07-17 16:48:37,Current,192
2024-07-17 16:48:38,Current,210
2024-07-17 16:48:39,Current,210
2024-07-17 16:48:40,Current,210
2024-07-17 16:48:41,Current,177
2024-07-17 16:48:42,Current,211
2024-07-17 16:48:43,Current,210
2024-07-17 16:48:44,Current,209
2024-07-17 16:48:45,Current,209
2024-07-17 16:48:46,Current,208
2024-07-17 16:48:47,Current,208
2024-07-17 16:48:49,Current,204
2024-07-17 16:48:50,Current,211
2024-07-17 16:48:51,Current,210
2024-07-17 16:48:52,Current,209
2024-07-17 16:48:53,Current,210
2024-07-17 16:48:54,Current,207
2024-07-17 16:48:55,Current,209
2024-07-17 16:48:56,Current,198
2024-07-17 16:48:57,Current,212
2024-07-17 16:48:58,Current,210
2024-07-17 16:48:59,Current,210
2024-07-17 16:49:00,Current,209
2024-07-17 16:49:01,Current,208
2024-07-17 16:49:02,Current,208
2024-07-17 16:49:04,Current,202
2024-07-17 16:49:05,Current,212
2024-07-17 16:49:06,Current,208
2024-07-17 16:49:07,Current,207
2024-07-17 16:49:08,Current,179
2024-07-17 16:49:09,Current,212
2024-07-17 16:49:10,Current,211
2024-07-17 16:49:11,Current,209
2024-07-17 16:49:12,Current,177
2024-07-17 16:49:13,Current,210
2024-07-17 16:49:14,Current,210
2024-07-17 16:49:15,Current,210
2024-07-17 16:49:16,Current,184
2024-07-17 16:49:17,Current,212
2024-07-17 16:49:19,Current,209
2024-07-17 16:49:20,Current,211
2024-07-17 16:49:21,Current,190
2024-07-17 16:49:22,Current,211
2024-07-17 16:49:23,Current,208
2024-07-17 16:49:24,Current,207
2024-07-17 16:49:25,Current,180
2024-07-17 16:49:26,Current,212
2024-07-17 16:49:27,Current,209
2024-07-17 16:49:28,Current,208
2024-07-17 16:49:29,Current,167
2024-07-17 16:49:30,Current,213
2024-07-17 16:49:31,Current,209
2024-07-17 16:49:33,Current,209
2024-07-17 16:49:34,Current,180
2024-07-17 16:49:35,Current,211
2024-07-17 16:49:36,Current,210
2024-07-17 16:49:37,Current,201
2024-07-17 16:49:38,Current,186
2024-07-17 16:49:39,Current,210
2024-07-17 16:49:40,Current,208
2024-07-17 16:49:41,Current,209
2024-07-17 16:49:42,Current,175
2024-07-17 16:49:43,Current,212
2024-07-17 16:49:44,Current,207
2024-07-17 16:49:45,Current,209
2024-07-17 16:49:47,Current,183
2024-07-17 16:49:48,Current,208
2024-07-17 16:49:49,Current,210
2024-07-17 16:49:50,Current,201
2024-07-17 16:49:51,Current,184
2024-07-17 16:49:52,Current,209
2024-07-17 16:49:53,Current,211
2024-07-17 16:49:54,Current,210
2024-07-17 16:49:55,Current,171
2024-07-17 16:49:56,Current,211
2024-07-17 16:49:57,Current,210
2024-07-17 16:49:58,Current,209
2024-07-17 16:49:59,Current,181
2024-07-17 16:50:01,Current,209
2024-07-17 16:50:02,Current,211
2024-07-17 16:50:03,Current,210
2024-07-17 16:50:04,Current,196
2024-07-17 16:50:05,Current,211
2024-07-17 16:50:06,Current,209
2024-07-17 16:50:07,Current,211
2024-07-17 16:50:08,Current,186
2024-07-17 16:50:09,Current,210
2024-07-17 16:50:10,Current,206
2024-07-17 16:50:11,Current,210
2024-07-17 16:50:12,Current,185
2024-07-17 16:50:13,Current,211
2024-07-17 16:50:15,Current,210
2024-07-17 16:50:16,Current,207
2024-07-17 16:50:17,Current,181
2024-07-17 16:50:18,Current,212
2024-07-17 16:50:19,Current,208
2024-07-17 16:50:20,Current,199
2024-07-17 16:50:21,Current,183
2024-07-17 16:50:22,Current,211
2024-07-17 16:50:23,Current,209
2024-07-17 16:50:24,Current,211
2024-07-17 16:50:25,Current,186
2024-07-17 16:50:26,Current,210
2024-07-17 16:50:27,Current,210
2024-07-17 16:50:28,Current,210
2024-07-17 16:50:30,Current,186
2024-07-17 16:50:31,Current,210
2024-07-17 16:50:32,Current,211
2024-07-17 16:50:33,Current,203
2024-07-17 16:50:34,Current,195
2024-07-17 16:50:35,Current,210
2024-07-17 16:50:36,Current,208
2024-07-17 16:50:37,Current,210
2024-07-17 16:50:38,Current,197
2024-07-17 16:50:39,Current,210
2024-07-17 16:50:40,Current,212
2024-07-17 16:50:41,Current,208
2024-07-17 16:50:42,Current,190
2024-07-17 16:50:44,Current,211
2024-07-17 16:50:45,Current,210
2024-07-17 16:50:46,Current,209
2024-07-17 16:50:47,Current,182
2024-07-17 16:50:48,Current,211
2024-07-17 16:50:49,Current,209
2024-07-17 16:50:50,Current,209
2024-07-17 16:50:51,Current,200
2024-07-17 16:50:52,Current,210
2024-07-17 16:50:53,Current,210
2024-07-17 16:50:54,Current,208
2024-07-17 16:50:55,Current,200
2024-07-17 16:50:57,Current,209
2024-07-17 16:50:58,Current,212
2024-07-17 16:50:59,Current,207
2024-07-17 16:51:00,Current,185
2024-07-17 16:51:01,Current,211
2024-07-17 16:51:02,Current,212
2024-07-17 16:51:03,Current,209
2024-07-17 16:51:04,Current,197
2024-07-17 16:51:05,Current,211
2024-07-17 16:51:06,Current,210
2024-07-17 16:51:07,Current,209
2024-07-17 16:51:08,Current,201
2024-07-17 16:51:09,Current,208
2024-07-17 16:51:10,Current,211
2024-07-17 16:51:12,Current,205
2024-07-17 16:51:13,Current,195
2024-07-17 16:51:14,Current,211
2024-07-17 16:51:15,Current,208
2024-07-17 16:51:16,Current,209
2024-07-17 16:51:17,Current,202
2024-07-17 16:51:18,Current,212
2024-07-17 16:51:19,Current,209
2024-07-17 16:51:20,Current,208
2024-07-17 16:51:21,Current,202
2024-07-17 16:51:22,Current,210
2024-07-17 16:51:23,Current,209
2024-07-17 16:51:24,Current,208
2024-07-17 16:51:26,Current,191
2024-07-17 16:51:27,Current,211
2024-07-17 16:51:28,Current,211
2024-07-17 16:51:29,Current,209
2024-07-17 16:51:30,Current,209
2024-07-17 16:51:31,Current,211
2024-07-17 16:51:32,Current,210
2024-07-17 16:51:33,Current,210
2024-07-17 16:51:34,Current,203
2024-07-17 16:51:35,Current,209
2024-07-17 16:51:36,Current,207
2024-07-17 16:51:37,Current,210
2024-07-17 16:51:38,Current,204
2024-07-17 16:51:40,Current,209
2024-07-17 16:51:41,Current,211
2024-07-17 16:51:42,Current,208
2024-07-17 16:51:43,Current,204
2024-07-17 16:51:44,Current,211
2024-07-17 16:51:45,Current,210
2024-07-17 16:51:46,Current,210
2024-07-17 16:51:47,Current,207
2024-07-17 16:51:48,Current,210
2024-07-17 16:51:49,Current,208
2024-07-17 16:51:50,Current,207
2024-07-17 16:51:51,Current,201
2024-07-17 16:51:52,Current,209
2024-07-17 16:51:54,Current,208
2024-07-17 16:51:55,Current,209
2024-07-17 16:51:56,Current,200
2024-07-17 16:51:57,Current,211
2024-07-17 16:51:58,Current,208
2024-07-17 16:51:59,Current,209
2024-07-17 16:52:00,Current,203
2024-07-17 16:52:01,Current,211
2024-07-17 16:52:02,Current,209
2024-07-17 16:52:03,Current,208
2024-07-17 16:52:04,Current,203
2024-07-17 16:52:05,Current,211
2024-07-17 16:52:06,Current,210
2024-07-17 16:52:07,Current,208
2024-07-17 16:52:09,Current,202
2024-07-17 16:52:10,Current,211
2024-07-17 16:52:11,Current,210
2024-07-17 16:52:12,Current,208
2024-07-17 16:52:13,Current,202
2024-07-17 16:52:14,Current,211
2024-07-17 16:52:15,Current,210
2024-07-17 16:52:16,Current,208
2024-07-17 16:52:17,Current,199
2024-07-17 16:52:18,Current,209
2024-07-17 16:52:19,Current,211
2024-07-17 16:52:20,Current,207
2024-07-17 16:52:21,Current,207
2024-07-17 16:52:23,Current,208
2024-07-17 16:52:24,Current,209
2024-07-17 16:52:25,Current,207
2024-07-17 16:52:26,Current,208
2024-07-17 16:52:27,Current,212
2024-07-17 16:52:28,Current,207
2024-07-17 16:52:29,Current,208
2024-07-17 16:52:30,Current,206
2024-07-17 16:52:31,Current,210
2024-07-17 16:52:32,Current,211
2024-07-17 16:52:33,Current,207
2024-07-17 16:52:34,Current,203
2024-07-17 16:52:35,Current,209
2024-07-17 16:52:37,Current,212
2024-07-17 16:52:38,Current,207
2024-07-17 16:52:39,Current,206
2024-07-17 16:52:40,Current,208
2024-07-17 16:52:41,Current,209
2024-07-17 16:52:42,Current,208
2024-07-17 16:52:43,Current,205
2024-07-17 16:52:44,Current,206
2024-07-17 16:52:45,Current,207
2024-07-17 16:52:46,Current,204
2024-07-17 16:52:47,Current,202
2024-07-17 16:52:48,Current,211
2024-07-17 16:52:49,Current,209
2024-07-17 16:52:51,Current,209
2024-07-17 16:52:52,Current,209
2024-07-17 16:52:53,Current,208
2024-07-17 16:52:54,Current,207
2024-07-17 16:52:55,Current,207
2024-07-17 16:52:56,Current,204
2024-07-17 16:52:57,Current,207
2024-07-17 16:52:58,Current,206
2024-07-17 16:52:59,Current,205
2024-07-17 16:53:00,Current,205
2024-07-17 16:53:01,Current,212
2024-07-17 16:53:02,Current,212
2024-07-17 16:53:03,Current,210
2024-07-17 16:53:05,Current,211
2024-07-17 16:53:06,Current,212
2024-07-17 16:53:07,Current,211
2024-07-17 16:53:08,Current,212
2024-07-17 16:53:09,Current,208
2024-07-17 16:53:10,Current,213
2024-07-17 16:53:11,Current,211
2024-07-17 16:53:12,Current,210
2024-07-17 16:53:13,Current,212
2024-07-17 16:53:14,Current,178
2024-07-17 16:53:15,Current,212
2024-07-17 16:53:16,Current,211
2024-07-17 16:53:17,Current,209
2024-07-17 16:53:18,Current,199
2024-07-17 16:53:20,Current,212
2024-07-17 16:53:21,Current,211
2024-07-17 16:53:22,Current,209
2024-07-17 16:53:23,Current,207
2024-07-17 16:53:24,Current,211
2024-07-17 16:53:25,Current,213
2024-07-17 16:53:26,Current,211
2024-07-17 16:53:27,Current,207
2024-07-17 16:53:28,Current,213
2024-07-17 16:53:29,Current,212
2024-07-17 16:53:30,Current,213
2024-07-17 16:53:31,Current,211
2024-07-17 16:53:32,Current,211
2024-07-17 16:53:34,Current,210
2024-07-17 16:53:35,Current,212
2024-07-17 16:53:36,Current,210
2024-07-17 16:53:37,Current,189
2024-07-17 16:53:38,Current,212
2024-07-17 16:53:39,Current,212
2024-07-17 16:53:40,Current,210
2024-07-17 16:53:41,Current,203
2024-07-17 16:53:42,Current,212
2024-07-17 16:53:43,Current,210
2024-07-17 16:53:44,Current,210
2024-07-17 16:53:45,Current,203
2024-07-17 16:53:46,Current,212
2024-07-17 16:53:48,Current,212
2024-07-17 16:53:49,Current,211
2024-07-17 16:53:50,Current,203
2024-07-17 16:53:51,Current,194
2024-07-17 16:53:52,Current,210
2024-07-17 16:53:53,Current,213
2024-07-17 16:53:54,Current,210
2024-07-17 16:53:55,Current,208
2024-07-17 16:53:56,Current,212
2024-07-17 16:53:57,Current,212
2024-07-17 16:53:58,Current,211
2024-07-17 16:53:59,Current,207
2024-07-17 16:54:01,Current,213
2024-07-17 16:54:02,Current,212
2024-07-17 16:54:03,Current,212
2024-07-17 16:54:04,Current,212
2024-07-17 16:54:05,Current,210
2024-07-17 16:54:06,Current,210
2024-07-17 16:54:07,Current,208
2024-07-17 16:54:08,Current,211
2024-07-17 16:54:09,Current,195
2024-07-17 16:54:10,Current,212
2024-07-17 16:54:11,Current,211
2024-07-17 16:54:12,Current,211
2024-07-17 16:54:13,Current,210
2024-07-17 16:54:14,Current,210
2024-07-17 16:54:16,Current,209
2024-07-17 16:54:17,Current,209
2024-07-17 16:54:18,Current,209
2024-07-17 16:54:19,Current,207
2024-07-17 16:54:20,Current,207
2024-07-17 16:54:21,Current,207
2024-07-17 16:54:22,Current,205
2024-07-17 16:54:23,Current,183
2024-07-17 16:54:24,Current,212
2024-07-17 16:54:25,Current,210
2024-07-17 16:54:26,Current,212
2024-07-17 16:54:27,Current,207
2024-07-17 16:54:28,Current,208
2024-07-17 16:54:30,Current,209
2024-07-17 16:54:31,Current,209
2024-07-17 16:54:32,Current,208
2024-07-17 16:54:33,Current,211
2024-07-17 16:54:34,Current,212
2024-07-17 16:54:35,Current,212
2024-07-17 16:54:36,Current,212
2024-07-17 16:54:37,Current,206
2024-07-17 16:54:38,Current,210
2024-07-17 16:54:39,Current,214
2024-07-17 16:54:40,Current,209
2024-07-17 16:54:41,Current,193
2024-07-17 16:54:42,Current,208
2024-07-17 16:54:44,Current,213
2024-07-17 16:54:45,Current,211
2024-07-17 16:54:46,Current,210
2024-07-17 16:54:47,Current,199
2024-07-17 16:54:48,Current,210
2024-07-17 16:54:49,Current,212
2024-07-17 16:54:50,Current,211
2024-07-17 16:54:51,Current,201
2024-07-17 16:54:52,Current,212
2024-07-17 16:54:53,Current,211
2024-07-17 16:54:54,Current,209
2024-07-17 16:54:55,Current,208
2024-07-17 16:54:56,Current,190
2024-07-17 16:54:58,Current,211
2024-07-17 16:54:59,Current,212
2024-07-17 16:55:00,Current,211
2024-07-17 16:55:01,Current,208
2024-07-17 16:55:02,Current,212
2024-07-17 16:55:03,Current,212
2024-07-17 16:55:04,Current,211
2024-07-17 16:55:05,Current,209
2024-07-17 16:55:06,Current,185
2024-07-17 16:55:07,Current,211
2024-07-17 16:55:08,Current,212
2024-07-17 16:55:09,Current,212
2024-07-17 16:55:10,Current,203
2024-07-17 16:55:12,Current,205
2024-07-17 16:55:13,Current,214
2024-07-17 16:55:14,Current,210
2024-07-17 16:55:15,Current,211
2024-07-17 16:55:16,Current,201
2024-07-17 16:55:17,Current,213
2024-07-17 16:55:18,Current,213
2024-07-17 16:55:19,Current,209
2024-07-17 16:55:20,Current,200
2024-07-17 16:55:21,Current,211
2024-07-17 16:55:22,Current,214
2024-07-17 16:55:23,Current,211
2024-07-17 16:55:24,Current,211
2024-07-17 16:55:26,Current,195
2024-07-17 16:55:27,Current,212
2024-07-17 16:55:28,Current,212
2024-07-17 16:55:29,Current,211
2024-07-17 16:55:30,Current,209
2024-07-17 16:55:31,Current,213
2024-07-17 16:55:32,Current,210
2024-07-17 16:55:33,Current,210
2024-07-17 16:55:34,Current,212
2024-07-17 16:55:35,Current,206
2024-07-17 16:55:36,Current,213
2024-07-17 16:55:37,Current,213
2024-07-17 16:55:38,Current,213
2024-07-17 16:55:40,Current,211
2024-07-17 16:55:41,Current,210
2024-07-17 16:55:42,Current,210
2024-07-17 16:55:43,Current,208
2024-07-17 16:55:44,Current,211
2024-07-17 16:55:45,Current,197
2024-07-17 16:55:46,Current,211
2024-07-17 16:55:47,Current,209
2024-07-17 16:55:48,Current,209
2024-07-17 16:55:49,Current,212
2024-07-17 16:55:50,Current,209
2024-07-17 16:55:51,Current,210
2024-07-17 16:55:52,Current,209
2024-07-17 16:55:54,Current,208
2024-07-17 16:55:55,Current,207
2024-07-17 16:55:56,Current,206
2024-07-17 16:55:57,Current,207
2024-07-17 16:55:58,Current,205
2024-07-17 16:55:59,Current,203
2024-07-17 16:56:00,Current,204
2024-07-17 16:56:01,Current,203
2024-07-17 16:56:02,Current,205
2024-07-17 16:56:03,Current,203
2024-07-17 16:56:04,Current,201
2024-07-17 16:56:05,Current,213
2024-07-17 16:56:06,Current,213
2024-07-17 16:56:08,Current,211
2024-07-17 16:56:09,Current,202
2024-07-17 16:56:10,Current,213
2024-07-17 16:56:11,Current,213
2024-07-17 16:56:12,Current,212
2024-07-17 16:56:13,Current,213
2024-07-17 16:56:14,Current,191
2024-07-17 16:56:15,Current,211
2024-07-17 16:56:16,Current,211
2024-07-17 16:56:17,Current,214
2024-07-17 16:56:18,Current,210
2024-07-17 16:56:19,Current,182
2024-07-17 16:56:20,Current,212
2024-07-17 16:56:22,Current,211
2024-07-17 16:56:23,Current,213
2024-07-17 16:56:24,Current,195
2024-07-17 16:56:25,Current,214
2024-07-17 16:56:26,Current,213
2024-07-17 16:56:27,Current,208
2024-07-17 16:56:28,Current,214
2024-07-17 16:56:29,Current,187
2024-07-17 16:56:30,Current,214
2024-07-17 16:56:31,Current,211
2024-07-17 16:56:32,Current,212
2024-07-17 16:56:33,Current,212
2024-07-17 16:56:34,Current,186
2024-07-17 16:56:36,Current,211
2024-07-17 16:56:37,Current,211
2024-07-17 16:56:38,Current,213
2024-07-17 16:56:39,Current,210
2024-07-17 16:56:40,Current,205
2024-07-17 16:56:41,Current,213
2024-07-17 16:56:42,Current,210
2024-07-17 16:56:43,Current,213
2024-07-17 16:56:44,Current,209
2024-07-17 16:56:45,Current,209
2024-07-17 16:56:46,Current,209
2024-07-17 16:56:47,Current,209
2024-07-17 16:56:48,Current,209
2024-07-17 16:56:50,Current,201
2024-07-17 16:56:51,Current,212
2024-07-17 16:56:52,Current,209
2024-07-17 16:56:53,Current,210
2024-07-17 16:56:54,Current,210
2024-07-17 16:56:55,Current,196
2024-07-17 16:56:56,Current,212
2024-07-17 16:56:57,Current,210
2024-07-17 16:56:58,Current,210
2024-07-17 16:56:59,Current,197
2024-07-17 16:57:00,Current,202
2024-07-17 16:57:01,Current,212
2024-07-17 16:57:02,Current,211
2024-07-17 16:57:04,Current,211
2024-07-17 16:57:05,Current,211
2024-07-17 16:57:06,Current,181
2024-07-17 16:57:07,Current,212
2024-07-17 16:57:08,Current,209
2024-07-17 16:57:09,Current,211
2024-07-17 16:57:10,Current,209
2024-07-17 16:57:11,Current,181
2024-07-17 16:57:12,Current,212
2024-07-17 16:57:13,Current,211
2024-07-17 16:57:14,Current,211
2024-07-17 16:57:15,Current,203
2024-07-17 16:57:16,Current,191
2024-07-17 16:57:18,Current,211
2024-07-17 16:57:19,Current,210
2024-07-17 16:57:20,Current,211
2024-07-17 16:57:21,Current,209
2024-07-17 16:57:22,Current,190
2024-07-17 16:57:23,Current,211
2024-07-17 16:57:24,Current,210
2024-07-17 16:57:25,Current,212
2024-07-17 16:57:26,Current,211
2024-07-17 16:57:27,Current,193
2024-07-17 16:57:28,Current,210
2024-07-17 16:57:29,Current,211
2024-07-17 16:57:30,Current,211
2024-07-17 16:57:32,Current,212
2024-07-17 16:57:33,Current,198
2024-07-17 16:57:34,Current,210
2024-07-17 16:57:35,Current,212
2024-07-17 16:57:36,Current,210
2024-07-17 16:57:37,Current,210
2024-07-17 16:57:38,Current,187
2024-07-17 16:57:39,Current,212
2024-07-17 16:57:40,Current,212
2024-07-17 16:57:41,Current,211
2024-07-17 16:57:42,Current,202
2024-07-17 16:57:43,Current,194
2024-07-17 16:57:44,Current,212
2024-07-17 16:57:45,Current,212
2024-07-17 16:57:47,Current,210
2024-07-17 16:57:48,Current,210
2024-07-17 16:57:49,Current,187
2024-07-17 16:57:50,Current,212
2024-07-17 16:57:51,Current,211
2024-07-17 16:57:52,Current,212
2024-07-17 16:57:53,Current,210
2024-07-17 16:57:54,Current,186
2024-07-17 16:57:55,Current,213
2024-07-17 16:57:56,Current,210
2024-07-17 16:57:57,Current,212
2024-07-17 16:57:58,Current,211
2024-07-17 16:57:59,Current,195
2024-07-17 16:58:00,Current,213
2024-07-17 16:58:02,Current,211
2024-07-17 16:58:03,Current,212
2024-07-17 16:58:04,Current,210
2024-07-17 16:58:05,Current,190
2024-07-17 16:58:06,Current,213
2024-07-17 16:58:07,Current,213
2024-07-17 16:58:08,Current,209
2024-07-17 16:58:09,Current,206
2024-07-17 16:58:10,Current,191
2024-07-17 16:58:11,Current,214
2024-07-17 16:58:12,Current,212
2024-07-17 16:58:13,Current,213
2024-07-17 16:58:14,Current,209
2024-07-17 16:58:16,Current,199
2024-07-17 16:58:17,Current,212
2024-07-17 16:58:18,Current,213
2024-07-17 16:58:19,Current,210
2024-07-17 16:58:20,Current,209
2024-07-17 16:58:21,Current,195
2024-07-17 16:58:22,Current,211
2024-07-17 16:58:23,Current,212
2024-07-17 16:58:24,Current,212
2024-07-17 16:58:25,Current,211
2024-07-17 16:58:26,Current,198
2024-07-17 16:58:27,Current,213
2024-07-17 16:58:28,Current,212
2024-07-17 16:58:30,Current,211
2024-07-17 16:58:31,Current,211
2024-07-17 16:58:32,Current,199
2024-07-17 16:58:33,Current,213
2024-07-17 16:58:34,Current,213
2024-07-17 16:58:35,Current,210
2024-07-17 16:58:36,Current,208
2024-07-17 16:58:37,Current,205
2024-07-17 16:58:38,Current,213
2024-07-17 16:58:39,Current,212
2024-07-17 16:58:40,Current,213
2024-07-17 16:58:41,Current,210
2024-07-17 16:58:42,Current,209
2024-07-17 16:58:44,Current,212
2024-07-17 16:58:45,Current,211
2024-07-17 16:58:46,Current,212
2024-07-17 16:58:47,Current,210
2024-07-17 16:58:48,Current,201
2024-07-17 16:58:49,Current,212
2024-07-17 16:58:50,Current,212
2024-07-17 16:58:51,Current,213
2024-07-17 16:58:52,Current,210
2024-07-17 16:58:53,Current,208
2024-07-17 16:58:54,Current,213
2024-07-17 16:58:55,Current,212
2024-07-17 16:58:56,Current,210
2024-07-17 16:58:58,Current,209
2024-07-17 16:58:59,Current,208
2024-07-17 16:59:00,Current,214
2024-07-17 16:59:01,Current,211
2024-07-17 16:59:02,Current,209
2024-07-17 16:59:03,Current,207
2024-07-17 16:59:04,Current,201
2024-07-17 16:59:05,Current,213
2024-07-17 16:59:06,Current,212
2024-07-17 16:59:07,Current,212
2024-07-17 16:59:08,Current,210
2024-07-17 16:59:09,Current,206
2024-07-17 16:59:10,Current,211
2024-07-17 16:59:11,Current,213
2024-07-17 16:59:13,Current,212
