Time Elapsed,Time (secs),Sensor,Value,Timestamp
0.00,50.00,Current,103,14:09:50
0.00,50.00,Minimum,2,14:09:50
0.00,50.00,Maximum,549,14:09:50
0.00,50.00,Average,100,14:09:50
1.00,51.00,Current,103,14:09:51
1.00,51.00,Minimum,2,14:09:51
1.00,51.00,Maximum,549,14:09:51
1.00,51.00,Average,100,14:09:51
1.00,51.00,Current,117,14:09:51
1.00,51.00,Minimum,2,14:09:51
1.00,51.00,Maximum,549,14:09:51
1.00,51.00,Average,100,14:09:51
1.00,51.00,Current,117,14:09:51
1.00,51.00,Minimum,2,14:09:51
1.00,51.00,Maximum,549,14:09:51
1.00,51.00,Average,100,14:09:51
1.00,51.00,Current,129,14:09:51
1.00,51.00,Minimum,2,14:09:51
1.00,51.00,Maximum,549,14:09:51
1.00,51.00,Average,100,14:09:51
2.00,52.00,Current,129,14:09:52
2.00,52.00,Minimum,2,14:09:52
2.00,52.00,Maximum,549,14:09:52
2.00,52.00,Average,100,14:09:52
2.00,52.00,Current,128,14:09:52
2.00,52.00,Minimum,2,14:09:52
2.00,52.00,Maximum,549,14:09:52
2.00,52.00,Average,100,14:09:52
2.00,52.00,Current,128,14:09:52
2.00,52.00,Minimum,2,14:09:52
2.00,52.00,Maximum,549,14:09:52
2.00,52.00,Average,100,14:09:52
3.00,53.00,Current,128,14:09:53
3.00,53.00,Minimum,2,14:09:53
3.00,53.00,Maximum,549,14:09:53
3.00,53.00,Average,100,14:09:53
3.00,53.00,Current,128,14:09:53
3.00,53.00,Minimum,2,14:09:53
3.00,53.00,Maximum,549,14:09:53
3.00,53.00,Average,100,14:09:53
3.00,53.00,Current,128,14:09:53
3.00,53.00,Minimum,2,14:09:53
3.00,53.00,Maximum,549,14:09:53
3.00,53.00,Average,100,14:09:53
4.00,54.00,Current,126,14:09:54
4.00,54.00,Minimum,2,14:09:54
4.00,54.00,Maximum,549,14:09:54
4.00,54.00,Average,100,14:09:54
4.00,54.00,Current,126,14:09:54
4.00,54.00,Minimum,2,14:09:54
4.00,54.00,Maximum,549,14:09:54
4.00,54.00,Average,100,14:09:54
4.00,54.00,Current,125,14:09:54
4.00,54.00,Minimum,2,14:09:54
4.00,54.00,Maximum,549,14:09:54
4.00,54.00,Average,100,14:09:54
4.00,54.00,Current,125,14:09:54
4.00,54.00,Minimum,2,14:09:54
4.00,54.00,Maximum,549,14:09:54
4.00,54.00,Average,100,14:09:54
5.00,55.00,Current,123,14:09:55
5.00,55.00,Minimum,2,14:09:55
5.00,55.00,Maximum,549,14:09:55
5.00,55.00,Average,100,14:09:55
5.00,55.00,Current,131,14:09:55
5.00,55.00,Minimum,2,14:09:55
5.00,55.00,Maximum,549,14:09:55
5.00,55.00,Average,100,14:09:55
5.00,55.00,Current,131,14:09:55
5.00,55.00,Minimum,2,14:09:55
5.00,55.00,Maximum,549,14:09:55
5.00,55.00,Average,100,14:09:55
6.00,56.00,Current,129,14:09:56
6.00,56.00,Minimum,2,14:09:56
6.00,56.00,Maximum,549,14:09:56
6.00,56.00,Average,100,14:09:56
6.00,56.00,Current,129,14:09:56
6.00,56.00,Minimum,2,14:09:56
6.00,56.00,Maximum,549,14:09:56
6.00,56.00,Average,100,14:09:56
6.00,56.00,Current,129,14:09:56
6.00,56.00,Minimum,2,14:09:56
6.00,56.00,Maximum,549,14:09:56
6.00,56.00,Average,100,14:09:56
6.00,56.00,Current,129,14:09:56
6.00,56.00,Minimum,2,14:09:56
6.00,56.00,Maximum,549,14:09:56
6.00,56.00,Average,100,14:09:56
7.00,57.00,Current,131,14:09:57
7.00,57.00,Minimum,2,14:09:57
7.00,57.00,Maximum,549,14:09:57
7.00,57.00,Average,100,14:09:57
7.00,57.00,Current,132,14:09:57
7.00,57.00,Minimum,2,14:09:57
7.00,57.00,Maximum,549,14:09:57
7.00,57.00,Average,100,14:09:57
7.00,57.00,Current,132,14:09:57
7.00,57.00,Minimum,2,14:09:57
7.00,57.00,Maximum,549,14:09:57
7.00,57.00,Average,100,14:09:57
8.00,58.00,Current,145,14:09:58
8.00,58.00,Minimum,2,14:09:58
8.00,58.00,Maximum,549,14:09:58
8.00,58.00,Average,100,14:09:58
8.00,58.00,Current,145,14:09:58
8.00,58.00,Minimum,2,14:09:58
8.00,58.00,Maximum,549,14:09:58
8.00,58.00,Average,100,14:09:58
8.00,58.00,Current,145,14:09:58
8.00,58.00,Minimum,2,14:09:58
8.00,58.00,Maximum,549,14:09:58
8.00,58.00,Average,100,14:09:58
9.00,59.00,Current,145,14:09:59
9.00,59.00,Minimum,2,14:09:59
9.00,59.00,Maximum,549,14:09:59
9.00,59.00,Average,100,14:09:59
9.00,59.00,Current,145,14:09:59
9.00,59.00,Minimum,2,14:09:59
9.00,59.00,Maximum,549,14:09:59
9.00,59.00,Average,100,14:09:59
9.00,59.00,Current,145,14:09:59
9.00,59.00,Minimum,2,14:09:59
9.00,59.00,Maximum,549,14:09:59
9.00,59.00,Average,100,14:09:59
10.00,60.00,Current,145,14:10:00
10.00,60.00,Minimum,2,14:10:00
10.00,60.00,Maximum,549,14:10:00
10.00,60.00,Average,100,14:10:00
10.00,60.00,Current,144,14:10:00
10.00,60.00,Minimum,2,14:10:00
10.00,60.00,Maximum,549,14:10:00
10.00,60.00,Average,100,14:10:00
10.00,60.00,Current,144,14:10:00
10.00,60.00,Minimum,2,14:10:00
10.00,60.00,Maximum,549,14:10:00
10.00,60.00,Average,100,14:10:00
10.00,60.00,Current,144,14:10:00
10.00,60.00,Minimum,2,14:10:00
10.00,60.00,Maximum,549,14:10:00
10.00,60.00,Average,100,14:10:00
11.00,61.00,Current,144,14:10:01
11.00,61.00,Minimum,2,14:10:01
11.00,61.00,Maximum,549,14:10:01
11.00,61.00,Average,100,14:10:01
11.00,61.00,Current,144,14:10:01
11.00,61.00,Minimum,2,14:10:01
11.00,61.00,Maximum,549,14:10:01
11.00,61.00,Average,100,14:10:01
11.00,61.00,Current,143,14:10:01
11.00,61.00,Minimum,2,14:10:01
11.00,61.00,Maximum,549,14:10:01
11.00,61.00,Average,100,14:10:01
12.00,62.00,Current,143,14:10:02
12.00,62.00,Minimum,2,14:10:02
12.00,62.00,Maximum,549,14:10:02
12.00,62.00,Average,100,14:10:02
12.00,62.00,Current,143,14:10:02
12.00,62.00,Minimum,2,14:10:02
12.00,62.00,Maximum,549,14:10:02
12.00,62.00,Average,100,14:10:02
12.00,62.00,Current,143,14:10:02
12.00,62.00,Minimum,2,14:10:02
12.00,62.00,Maximum,549,14:10:02
12.00,62.00,Average,100,14:10:02
13.00,63.00,Current,143,14:10:03
13.00,63.00,Minimum,2,14:10:03
13.00,63.00,Maximum,549,14:10:03
13.00,63.00,Average,100,14:10:03
13.00,63.00,Current,143,14:10:03
13.00,63.00,Minimum,2,14:10:03
13.00,63.00,Maximum,549,14:10:03
13.00,63.00,Average,100,14:10:03
13.00,63.00,Current,143,14:10:03
13.00,63.00,Minimum,2,14:10:03
13.00,63.00,Maximum,549,14:10:03
13.00,63.00,Average,100,14:10:03
14.00,64.00,Current,143,14:10:04
14.00,64.00,Minimum,2,14:10:04
14.00,64.00,Maximum,549,14:10:04
14.00,64.00,Average,100,14:10:04
14.00,64.00,Current,143,14:10:04
14.00,64.00,Minimum,2,14:10:04
14.00,64.00,Maximum,549,14:10:04
14.00,64.00,Average,100,14:10:04
14.00,64.00,Current,143,14:10:04
14.00,64.00,Minimum,2,14:10:04
14.00,64.00,Maximum,549,14:10:04
14.00,64.00,Average,100,14:10:04
15.00,65.00,Current,142,14:10:05
15.00,65.00,Minimum,2,14:10:05
15.00,65.00,Maximum,549,14:10:05
15.00,65.00,Average,100,14:10:05
15.00,65.00,Current,143,14:10:05
15.00,65.00,Minimum,2,14:10:05
15.00,65.00,Maximum,549,14:10:05
15.00,65.00,Average,100,14:10:05
15.00,65.00,Current,143,14:10:05
15.00,65.00,Minimum,2,14:10:05
15.00,65.00,Maximum,549,14:10:05
15.00,65.00,Average,100,14:10:05
16.00,66.00,Current,143,14:10:06
16.00,66.00,Minimum,2,14:10:06
16.00,66.00,Maximum,549,14:10:06
16.00,66.00,Average,100,14:10:06
16.00,66.00,Current,143,14:10:06
16.00,66.00,Minimum,2,14:10:06
16.00,66.00,Maximum,549,14:10:06
16.00,66.00,Average,100,14:10:06
16.00,66.00,Current,142,14:10:06
16.00,66.00,Minimum,2,14:10:06
16.00,66.00,Maximum,549,14:10:06
16.00,66.00,Average,100,14:10:06
16.00,66.00,Current,142,14:10:06
16.00,66.00,Minimum,2,14:10:06
16.00,66.00,Maximum,549,14:10:06
16.00,66.00,Average,100,14:10:06
17.00,67.00,Current,142,14:10:07
17.00,67.00,Minimum,2,14:10:07
17.00,67.00,Maximum,549,14:10:07
17.00,67.00,Average,100,14:10:07
17.00,67.00,Current,142,14:10:07
17.00,67.00,Minimum,2,14:10:07
17.00,67.00,Maximum,549,14:10:07
17.00,67.00,Average,100,14:10:07
17.00,67.00,Current,142,14:10:07
17.00,67.00,Minimum,2,14:10:07
17.00,67.00,Maximum,549,14:10:07
17.00,67.00,Average,100,14:10:07
18.00,68.00,Current,141,14:10:08
18.00,68.00,Minimum,2,14:10:08
18.00,68.00,Maximum,549,14:10:08
18.00,68.00,Average,100,14:10:08
18.00,68.00,Current,141,14:10:08
18.00,68.00,Minimum,2,14:10:08
18.00,68.00,Maximum,549,14:10:08
18.00,68.00,Average,100,14:10:08
18.00,68.00,Current,141,14:10:08
18.00,68.00,Minimum,2,14:10:08
18.00,68.00,Maximum,549,14:10:08
18.00,68.00,Average,100,14:10:08
19.00,69.00,Current,141,14:10:09
19.00,69.00,Minimum,2,14:10:09
19.00,69.00,Maximum,549,14:10:09
19.00,69.00,Average,100,14:10:09
19.00,69.00,Current,141,14:10:09
19.00,69.00,Minimum,2,14:10:09
19.00,69.00,Maximum,549,14:10:09
19.00,69.00,Average,100,14:10:09
19.00,69.00,Current,141,14:10:09
19.00,69.00,Minimum,2,14:10:09
19.00,69.00,Maximum,549,14:10:09
19.00,69.00,Average,100,14:10:09
20.00,70.00,Current,140,14:10:10
20.00,70.00,Minimum,2,14:10:10
20.00,70.00,Maximum,549,14:10:10
20.00,70.00,Average,100,14:10:10
20.00,70.00,Current,140,14:10:10
20.00,70.00,Minimum,2,14:10:10
20.00,70.00,Maximum,549,14:10:10
20.00,70.00,Average,100,14:10:10
20.00,70.00,Current,140,14:10:10
20.00,70.00,Minimum,2,14:10:10
20.00,70.00,Maximum,549,14:10:10
20.00,70.00,Average,100,14:10:10
20.00,70.00,Current,140,14:10:10
20.00,70.00,Minimum,2,14:10:10
20.00,70.00,Maximum,549,14:10:10
20.00,70.00,Average,100,14:10:10
21.00,71.00,Current,140,14:10:11
21.00,71.00,Minimum,2,14:10:11
21.00,71.00,Maximum,549,14:10:11
21.00,71.00,Average,100,14:10:11
21.00,71.00,Current,140,14:10:11
21.00,71.00,Minimum,2,14:10:11
21.00,71.00,Maximum,549,14:10:11
21.00,71.00,Average,100,14:10:11
21.00,71.00,Current,140,14:10:11
21.00,71.00,Minimum,2,14:10:11
21.00,71.00,Maximum,549,14:10:11
21.00,71.00,Average,100,14:10:11
22.00,72.00,Current,139,14:10:12
22.00,72.00,Minimum,2,14:10:12
22.00,72.00,Maximum,549,14:10:12
22.00,72.00,Average,100,14:10:12
22.00,72.00,Current,139,14:10:12
22.00,72.00,Minimum,2,14:10:12
22.00,72.00,Maximum,549,14:10:12
22.00,72.00,Average,100,14:10:12
22.00,72.00,Current,139,14:10:12
22.00,72.00,Minimum,2,14:10:12
22.00,72.00,Maximum,549,14:10:12
22.00,72.00,Average,100,14:10:12
23.00,73.00,Current,139,14:10:13
23.00,73.00,Minimum,2,14:10:13
23.00,73.00,Maximum,549,14:10:13
23.00,73.00,Average,100,14:10:13
23.00,73.00,Current,139,14:10:13
23.00,73.00,Minimum,2,14:10:13
23.00,73.00,Maximum,549,14:10:13
23.00,73.00,Average,100,14:10:13
23.00,73.00,Current,140,14:10:13
23.00,73.00,Minimum,2,14:10:13
23.00,73.00,Maximum,549,14:10:13
23.00,73.00,Average,100,14:10:13
23.00,73.00,Current,140,14:10:13
23.00,73.00,Minimum,2,14:10:13
23.00,73.00,Maximum,549,14:10:13
23.00,73.00,Average,100,14:10:13
24.00,74.00,Current,139,14:10:14
24.00,74.00,Minimum,2,14:10:14
24.00,74.00,Maximum,549,14:10:14
24.00,74.00,Average,100,14:10:14
24.00,74.00,Current,139,14:10:14
24.00,74.00,Minimum,2,14:10:14
24.00,74.00,Maximum,549,14:10:14
24.00,74.00,Average,100,14:10:14
24.00,74.00,Current,138,14:10:14
24.00,74.00,Minimum,2,14:10:14
24.00,74.00,Maximum,549,14:10:14
24.00,74.00,Average,100,14:10:14
25.00,75.00,Current,139,14:10:15
25.00,75.00,Minimum,2,14:10:15
25.00,75.00,Maximum,549,14:10:15
25.00,75.00,Average,100,14:10:15
25.00,75.00,Current,139,14:10:15
25.00,75.00,Minimum,2,14:10:15
25.00,75.00,Maximum,549,14:10:15
25.00,75.00,Average,100,14:10:15
25.00,75.00,Current,139,14:10:15
25.00,75.00,Minimum,2,14:10:15
25.00,75.00,Maximum,549,14:10:15
25.00,75.00,Average,100,14:10:15
26.00,76.00,Current,139,14:10:16
26.00,76.00,Minimum,2,14:10:16
26.00,76.00,Maximum,549,14:10:16
26.00,76.00,Average,100,14:10:16
26.00,76.00,Current,139,14:10:16
26.00,76.00,Minimum,2,14:10:16
26.00,76.00,Maximum,549,14:10:16
26.00,76.00,Average,100,14:10:16
26.00,76.00,Current,140,14:10:16
26.00,76.00,Minimum,2,14:10:16
26.00,76.00,Maximum,549,14:10:16
26.00,76.00,Average,100,14:10:16
27.00,77.00,Current,140,14:10:17
27.00,77.00,Minimum,2,14:10:17
27.00,77.00,Maximum,549,14:10:17
27.00,77.00,Average,100,14:10:17
27.00,77.00,Current,140,14:10:17
27.00,77.00,Minimum,2,14:10:17
27.00,77.00,Maximum,549,14:10:17
27.00,77.00,Average,100,14:10:17
27.00,77.00,Current,140,14:10:17
27.00,77.00,Minimum,2,14:10:17
27.00,77.00,Maximum,549,14:10:17
27.00,77.00,Average,100,14:10:17
28.00,78.00,Current,139,14:10:18
28.00,78.00,Minimum,2,14:10:18
28.00,78.00,Maximum,549,14:10:18
28.00,78.00,Average,100,14:10:18
28.00,78.00,Current,141,14:10:18
28.00,78.00,Minimum,2,14:10:18
28.00,78.00,Maximum,549,14:10:18
28.00,78.00,Average,100,14:10:18
28.00,78.00,Current,141,14:10:18
28.00,78.00,Minimum,2,14:10:18
28.00,78.00,Maximum,549,14:10:18
28.00,78.00,Average,100,14:10:18
28.00,78.00,Current,141,14:10:18
28.00,78.00,Minimum,2,14:10:18
28.00,78.00,Maximum,549,14:10:18
28.00,78.00,Average,100,14:10:18
29.00,79.00,Current,141,14:10:19
29.00,79.00,Minimum,2,14:10:19
29.00,79.00,Maximum,549,14:10:19
29.00,79.00,Average,100,14:10:19
29.00,79.00,Current,140,14:10:19
29.00,79.00,Minimum,2,14:10:19
29.00,79.00,Maximum,549,14:10:19
29.00,79.00,Average,100,14:10:19
29.00,79.00,Current,140,14:10:19
29.00,79.00,Minimum,2,14:10:19
29.00,79.00,Maximum,549,14:10:19
29.00,79.00,Average,100,14:10:19
30.00,80.00,Current,140,14:10:20
30.00,80.00,Minimum,2,14:10:20
30.00,80.00,Maximum,549,14:10:20
30.00,80.00,Average,100,14:10:20
30.00,80.00,Current,141,14:10:20
30.00,80.00,Minimum,2,14:10:20
30.00,80.00,Maximum,549,14:10:20
30.00,80.00,Average,100,14:10:20
30.00,80.00,Current,141,14:10:20
30.00,80.00,Minimum,2,14:10:20
30.00,80.00,Maximum,549,14:10:20
30.00,80.00,Average,100,14:10:20
31.00,81.00,Current,140,14:10:21
31.00,81.00,Minimum,2,14:10:21
31.00,81.00,Maximum,549,14:10:21
31.00,81.00,Average,100,14:10:21
31.00,81.00,Current,140,14:10:21
31.00,81.00,Minimum,2,14:10:21
31.00,81.00,Maximum,549,14:10:21
31.00,81.00,Average,100,14:10:21
31.00,81.00,Current,140,14:10:21
31.00,81.00,Minimum,2,14:10:21
31.00,81.00,Maximum,549,14:10:21
31.00,81.00,Average,100,14:10:21
32.00,82.00,Current,140,14:10:22
32.00,82.00,Minimum,2,14:10:22
32.00,82.00,Maximum,549,14:10:22
32.00,82.00,Average,100,14:10:22
32.00,82.00,Current,140,14:10:22
32.00,82.00,Minimum,2,14:10:22
32.00,82.00,Maximum,549,14:10:22
32.00,82.00,Average,100,14:10:22
32.00,82.00,Current,141,14:10:22
32.00,82.00,Minimum,2,14:10:22
32.00,82.00,Maximum,549,14:10:22
32.00,82.00,Average,100,14:10:22
32.00,82.00,Current,141,14:10:22
32.00,82.00,Minimum,2,14:10:22
32.00,82.00,Maximum,549,14:10:22
32.00,82.00,Average,100,14:10:22
33.00,83.00,Current,141,14:10:23
33.00,83.00,Minimum,2,14:10:23
33.00,83.00,Maximum,549,14:10:23
33.00,83.00,Average,100,14:10:23
33.00,83.00,Current,141,14:10:23
33.00,83.00,Minimum,2,14:10:23
33.00,83.00,Maximum,549,14:10:23
33.00,83.00,Average,100,14:10:23
33.00,83.00,Current,141,14:10:23
33.00,83.00,Minimum,2,14:10:23
33.00,83.00,Maximum,549,14:10:23
33.00,83.00,Average,100,14:10:23
34.00,84.00,Current,141,14:10:24
34.00,84.00,Minimum,2,14:10:24
34.00,84.00,Maximum,549,14:10:24
34.00,84.00,Average,100,14:10:24
34.00,84.00,Current,141,14:10:24
34.00,84.00,Minimum,2,14:10:24
34.00,84.00,Maximum,549,14:10:24
34.00,84.00,Average,100,14:10:24
34.00,84.00,Current,141,14:10:24
34.00,84.00,Minimum,2,14:10:24
34.00,84.00,Maximum,549,14:10:24
34.00,84.00,Average,100,14:10:24
35.00,85.00,Current,140,14:10:25
35.00,85.00,Minimum,2,14:10:25
35.00,85.00,Maximum,549,14:10:25
35.00,85.00,Average,100,14:10:25
35.00,85.00,Current,140,14:10:25
35.00,85.00,Minimum,2,14:10:25
35.00,85.00,Maximum,549,14:10:25
35.00,85.00,Average,100,14:10:25
35.00,85.00,Current,141,14:10:25
35.00,85.00,Minimum,2,14:10:25
35.00,85.00,Maximum,549,14:10:25
35.00,85.00,Average,100,14:10:25
36.00,86.00,Current,140,14:10:26
36.00,86.00,Minimum,2,14:10:26
36.00,86.00,Maximum,549,14:10:26
36.00,86.00,Average,100,14:10:26
36.00,86.00,Current,140,14:10:26
36.00,86.00,Minimum,2,14:10:26
36.00,86.00,Maximum,549,14:10:26
36.00,86.00,Average,100,14:10:26
36.00,86.00,Current,140,14:10:26
36.00,86.00,Minimum,2,14:10:26
36.00,86.00,Maximum,549,14:10:26
36.00,86.00,Average,100,14:10:26
37.00,87.00,Current,140,14:10:27
37.00,87.00,Minimum,2,14:10:27
37.00,87.00,Maximum,549,14:10:27
37.00,87.00,Average,100,14:10:27
37.00,87.00,Current,140,14:10:27
37.00,87.00,Minimum,2,14:10:27
37.00,87.00,Maximum,549,14:10:27
37.00,87.00,Average,100,14:10:27
37.00,87.00,Current,141,14:10:27
37.00,87.00,Minimum,2,14:10:27
37.00,87.00,Maximum,549,14:10:27
37.00,87.00,Average,100,14:10:27
37.00,87.00,Current,141,14:10:27
37.00,87.00,Minimum,2,14:10:27
37.00,87.00,Maximum,549,14:10:27
37.00,87.00,Average,100,14:10:27
38.00,88.00,Current,140,14:10:28
38.00,88.00,Minimum,2,14:10:28
38.00,88.00,Maximum,549,14:10:28
38.00,88.00,Average,100,14:10:28
38.00,88.00,Current,140,14:10:28
38.00,88.00,Minimum,2,14:10:28
38.00,88.00,Maximum,549,14:10:28
38.00,88.00,Average,100,14:10:28
38.00,88.00,Current,140,14:10:28
38.00,88.00,Minimum,2,14:10:28
38.00,88.00,Maximum,549,14:10:28
38.00,88.00,Average,100,14:10:28
39.00,89.00,Current,141,14:10:29
39.00,89.00,Minimum,2,14:10:29
39.00,89.00,Maximum,549,14:10:29
39.00,89.00,Average,100,14:10:29
39.00,89.00,Current,141,14:10:29
39.00,89.00,Minimum,2,14:10:29
39.00,89.00,Maximum,549,14:10:29
39.00,89.00,Average,100,14:10:29
39.00,89.00,Current,140,14:10:29
39.00,89.00,Minimum,2,14:10:29
39.00,89.00,Maximum,549,14:10:29
39.00,89.00,Average,100,14:10:29
40.00,90.00,Current,140,14:10:30
40.00,90.00,Minimum,2,14:10:30
40.00,90.00,Maximum,549,14:10:30
40.00,90.00,Average,100,14:10:30
40.00,90.00,Current,140,14:10:30
40.00,90.00,Minimum,2,14:10:30
40.00,90.00,Maximum,549,14:10:30
40.00,90.00,Average,100,14:10:30
40.00,90.00,Current,141,14:10:30
40.00,90.00,Minimum,2,14:10:30
40.00,90.00,Maximum,549,14:10:30
40.00,90.00,Average,100,14:10:30
41.00,91.00,Current,141,14:10:31
41.00,91.00,Minimum,2,14:10:31
41.00,91.00,Maximum,549,14:10:31
41.00,91.00,Average,100,14:10:31
41.00,91.00,Current,141,14:10:31
41.00,91.00,Minimum,2,14:10:31
41.00,91.00,Maximum,549,14:10:31
41.00,91.00,Average,100,14:10:31
41.00,91.00,Current,141,14:10:31
41.00,91.00,Minimum,2,14:10:31
41.00,91.00,Maximum,549,14:10:31
41.00,91.00,Average,100,14:10:31
42.00,92.00,Current,140,14:10:32
42.00,92.00,Minimum,2,14:10:32
42.00,92.00,Maximum,549,14:10:32
42.00,92.00,Average,100,14:10:32
42.00,92.00,Current,140,14:10:32
42.00,92.00,Minimum,2,14:10:32
42.00,92.00,Maximum,549,14:10:32
42.00,92.00,Average,100,14:10:32
42.00,92.00,Current,140,14:10:32
42.00,92.00,Minimum,2,14:10:32
42.00,92.00,Maximum,549,14:10:32
42.00,92.00,Average,100,14:10:32
42.00,92.00,Current,140,14:10:32
42.00,92.00,Minimum,2,14:10:32
42.00,92.00,Maximum,549,14:10:32
42.00,92.00,Average,100,14:10:32
43.00,93.00,Current,140,14:10:33
43.00,93.00,Minimum,2,14:10:33
43.00,93.00,Maximum,549,14:10:33
43.00,93.00,Average,100,14:10:33
43.00,93.00,Current,140,14:10:33
43.00,93.00,Minimum,2,14:10:33
43.00,93.00,Maximum,549,14:10:33
43.00,93.00,Average,100,14:10:33
43.00,93.00,Current,140,14:10:33
43.00,93.00,Minimum,2,14:10:33
43.00,93.00,Maximum,549,14:10:33
43.00,93.00,Average,100,14:10:33
44.00,94.00,Current,140,14:10:34
44.00,94.00,Minimum,2,14:10:34
44.00,94.00,Maximum,549,14:10:34
44.00,94.00,Average,100,14:10:34
44.00,94.00,Current,141,14:10:34
44.00,94.00,Minimum,2,14:10:34
44.00,94.00,Maximum,549,14:10:34
44.00,94.00,Average,100,14:10:34
44.00,94.00,Current,141,14:10:34
44.00,94.00,Minimum,2,14:10:34
44.00,94.00,Maximum,549,14:10:34
44.00,94.00,Average,100,14:10:34
45.00,95.00,Current,141,14:10:35
45.00,95.00,Minimum,2,14:10:35
45.00,95.00,Maximum,549,14:10:35
45.00,95.00,Average,100,14:10:35
45.00,95.00,Current,141,14:10:35
45.00,95.00,Minimum,2,14:10:35
45.00,95.00,Maximum,549,14:10:35
45.00,95.00,Average,100,14:10:35
45.00,95.00,Current,141,14:10:35
45.00,95.00,Minimum,2,14:10:35
45.00,95.00,Maximum,549,14:10:35
45.00,95.00,Average,100,14:10:35
46.00,96.00,Current,141,14:10:36
46.00,96.00,Minimum,2,14:10:36
46.00,96.00,Maximum,549,14:10:36
46.00,96.00,Average,100,14:10:36
46.00,96.00,Current,141,14:10:36
46.00,96.00,Minimum,2,14:10:36
46.00,96.00,Maximum,549,14:10:36
46.00,96.00,Average,100,14:10:36
46.00,96.00,Current,140,14:10:36
46.00,96.00,Minimum,2,14:10:36
46.00,96.00,Maximum,549,14:10:36
46.00,96.00,Average,100,14:10:36
47.00,97.00,Current,140,14:10:37
47.00,97.00,Minimum,2,14:10:37
47.00,97.00,Maximum,549,14:10:37
47.00,97.00,Average,100,14:10:37
47.00,97.00,Current,140,14:10:37
47.00,97.00,Minimum,2,14:10:37
47.00,97.00,Maximum,549,14:10:37
47.00,97.00,Average,100,14:10:37
47.00,97.00,Current,141,14:10:37
47.00,97.00,Minimum,2,14:10:37
47.00,97.00,Maximum,549,14:10:37
47.00,97.00,Average,100,14:10:37
47.00,97.00,Current,141,14:10:37
47.00,97.00,Minimum,2,14:10:37
47.00,97.00,Maximum,549,14:10:37
47.00,97.00,Average,100,14:10:37
48.00,98.00,Current,141,14:10:38
48.00,98.00,Minimum,2,14:10:38
48.00,98.00,Maximum,549,14:10:38
48.00,98.00,Average,100,14:10:38
48.00,98.00,Current,141,14:10:38
48.00,98.00,Minimum,2,14:10:38
48.00,98.00,Maximum,549,14:10:38
48.00,98.00,Average,100,14:10:38
48.00,98.00,Current,140,14:10:38
48.00,98.00,Minimum,2,14:10:38
48.00,98.00,Maximum,549,14:10:38
48.00,98.00,Average,100,14:10:38
49.00,99.00,Current,140,14:10:39
49.00,99.00,Minimum,2,14:10:39
49.00,99.00,Maximum,549,14:10:39
49.00,99.00,Average,100,14:10:39
49.00,99.00,Current,140,14:10:39
49.00,99.00,Minimum,2,14:10:39
49.00,99.00,Maximum,549,14:10:39
49.00,99.00,Average,100,14:10:39
49.00,99.00,Current,140,14:10:39
49.00,99.00,Minimum,2,14:10:39
49.00,99.00,Maximum,549,14:10:39
49.00,99.00,Average,100,14:10:39
50.00,100.00,Current,140,14:10:40
50.00,100.00,Minimum,2,14:10:40
50.00,100.00,Maximum,549,14:10:40
50.00,100.00,Average,100,14:10:40
50.00,100.00,Current,140,14:10:40
50.00,100.00,Minimum,2,14:10:40
50.00,100.00,Maximum,549,14:10:40
50.00,100.00,Average,100,14:10:40
50.00,100.00,Current,141,14:10:40
50.00,100.00,Minimum,2,14:10:40
50.00,100.00,Maximum,549,14:10:40
50.00,100.00,Average,100,14:10:40
51.00,101.00,Current,141,14:10:41
51.00,101.00,Minimum,2,14:10:41
51.00,101.00,Maximum,549,14:10:41
51.00,101.00,Average,100,14:10:41
51.00,101.00,Current,141,14:10:41
51.00,101.00,Minimum,2,14:10:41
51.00,101.00,Maximum,549,14:10:41
51.00,101.00,Average,100,14:10:41
51.00,101.00,Current,140,14:10:41
51.00,101.00,Minimum,2,14:10:41
51.00,101.00,Maximum,549,14:10:41
51.00,101.00,Average,100,14:10:41
51.00,101.00,Current,140,14:10:41
51.00,101.00,Minimum,2,14:10:41
51.00,101.00,Maximum,549,14:10:41
51.00,101.00,Average,100,14:10:41
52.00,102.00,Current,140,14:10:42
52.00,102.00,Minimum,2,14:10:42
52.00,102.00,Maximum,549,14:10:42
52.00,102.00,Average,100,14:10:42
52.00,102.00,Current,140,14:10:42
52.00,102.00,Minimum,2,14:10:42
52.00,102.00,Maximum,549,14:10:42
52.00,102.00,Average,100,14:10:42
52.00,102.00,Current,140,14:10:42
52.00,102.00,Minimum,2,14:10:42
52.00,102.00,Maximum,549,14:10:42
52.00,102.00,Average,100,14:10:42
53.00,103.00,Current,140,14:10:43
53.00,103.00,Minimum,2,14:10:43
53.00,103.00,Maximum,549,14:10:43
53.00,103.00,Average,100,14:10:43
53.00,103.00,Current,140,14:10:43
53.00,103.00,Minimum,2,14:10:43
53.00,103.00,Maximum,549,14:10:43
53.00,103.00,Average,100,14:10:43
53.00,103.00,Current,140,14:10:43
53.00,103.00,Minimum,2,14:10:43
53.00,103.00,Maximum,549,14:10:43
53.00,103.00,Average,100,14:10:43
54.00,104.00,Current,140,14:10:44
54.00,104.00,Minimum,2,14:10:44
54.00,104.00,Maximum,549,14:10:44
54.00,104.00,Average,100,14:10:44
54.00,104.00,Current,140,14:10:44
54.00,104.00,Minimum,2,14:10:44
54.00,104.00,Maximum,549,14:10:44
54.00,104.00,Average,100,14:10:44
54.00,104.00,Current,140,14:10:44
54.00,104.00,Minimum,2,14:10:44
54.00,104.00,Maximum,549,14:10:44
54.00,104.00,Average,100,14:10:44
55.00,105.00,Current,140,14:10:45
55.00,105.00,Minimum,2,14:10:45
55.00,105.00,Maximum,549,14:10:45
55.00,105.00,Average,100,14:10:45
55.00,105.00,Current,141,14:10:45
55.00,105.00,Minimum,2,14:10:45
55.00,105.00,Maximum,549,14:10:45
55.00,105.00,Average,100,14:10:45
55.00,105.00,Current,141,14:10:45
55.00,105.00,Minimum,2,14:10:45
55.00,105.00,Maximum,549,14:10:45
55.00,105.00,Average,100,14:10:45
56.00,106.00,Current,141,14:10:46
56.00,106.00,Minimum,2,14:10:46
56.00,106.00,Maximum,549,14:10:46
56.00,106.00,Average,100,14:10:46
56.00,106.00,Current,141,14:10:46
56.00,106.00,Minimum,2,14:10:46
56.00,106.00,Maximum,549,14:10:46
56.00,106.00,Average,100,14:10:46
56.00,106.00,Current,141,14:10:46
56.00,106.00,Minimum,2,14:10:46
56.00,106.00,Maximum,549,14:10:46
56.00,106.00,Average,100,14:10:46
56.00,106.00,Current,141,14:10:46
56.00,106.00,Minimum,2,14:10:46
56.00,106.00,Maximum,549,14:10:46
56.00,106.00,Average,100,14:10:46
57.00,107.00,Current,141,14:10:47
57.00,107.00,Minimum,2,14:10:47
57.00,107.00,Maximum,549,14:10:47
57.00,107.00,Average,100,14:10:47
57.00,107.00,Current,140,14:10:47
57.00,107.00,Minimum,2,14:10:47
57.00,107.00,Maximum,549,14:10:47
57.00,107.00,Average,100,14:10:47
57.00,107.00,Current,140,14:10:47
57.00,107.00,Minimum,2,14:10:47
57.00,107.00,Maximum,549,14:10:47
57.00,107.00,Average,100,14:10:47
58.00,108.00,Current,141,14:10:48
58.00,108.00,Minimum,2,14:10:48
58.00,108.00,Maximum,549,14:10:48
58.00,108.00,Average,100,14:10:48
58.00,108.00,Current,141,14:10:48
58.00,108.00,Minimum,2,14:10:48
58.00,108.00,Maximum,549,14:10:48
58.00,108.00,Average,100,14:10:48
58.00,108.00,Current,141,14:10:48
58.00,108.00,Minimum,2,14:10:48
58.00,108.00,Maximum,549,14:10:48
58.00,108.00,Average,100,14:10:48
59.00,109.00,Current,140,14:10:49
59.00,109.00,Minimum,2,14:10:49
59.00,109.00,Maximum,549,14:10:49
59.00,109.00,Average,100,14:10:49
59.00,109.00,Current,140,14:10:49
59.00,109.00,Minimum,2,14:10:49
59.00,109.00,Maximum,549,14:10:49
59.00,109.00,Average,100,14:10:49
59.00,109.00,Current,140,14:10:49
59.00,109.00,Minimum,2,14:10:49
59.00,109.00,Maximum,549,14:10:49
59.00,109.00,Average,100,14:10:49
59.00,109.00,Current,140,14:10:49
59.00,109.00,Minimum,2,14:10:49
59.00,109.00,Maximum,549,14:10:49
59.00,109.00,Average,100,14:10:49
60.00,110.00,Current,141,14:10:50
60.00,110.00,Minimum,2,14:10:50
60.00,110.00,Maximum,549,14:10:50
60.00,110.00,Average,100,14:10:50
60.00,110.00,Current,141,14:10:50
60.00,110.00,Minimum,2,14:10:50
60.00,110.00,Maximum,549,14:10:50
60.00,110.00,Average,100,14:10:50
60.00,110.00,Current,141,14:10:50
60.00,110.00,Minimum,2,14:10:50
60.00,110.00,Maximum,549,14:10:50
60.00,110.00,Average,100,14:10:50
61.00,111.00,Current,141,14:10:51
61.00,111.00,Minimum,2,14:10:51
61.00,111.00,Maximum,549,14:10:51
61.00,111.00,Average,100,14:10:51
61.00,111.00,Current,141,14:10:51
61.00,111.00,Minimum,2,14:10:51
61.00,111.00,Maximum,549,14:10:51
61.00,111.00,Average,100,14:10:51
61.00,111.00,Current,141,14:10:51
61.00,111.00,Minimum,2,14:10:51
61.00,111.00,Maximum,549,14:10:51
61.00,111.00,Average,100,14:10:51
62.00,112.00,Current,141,14:10:52
62.00,112.00,Minimum,2,14:10:52
62.00,112.00,Maximum,549,14:10:52
62.00,112.00,Average,100,14:10:52
62.00,112.00,Current,141,14:10:52
62.00,112.00,Minimum,2,14:10:52
62.00,112.00,Maximum,549,14:10:52
62.00,112.00,Average,100,14:10:52
62.00,112.00,Current,141,14:10:52
62.00,112.00,Minimum,2,14:10:52
62.00,112.00,Maximum,549,14:10:52
62.00,112.00,Average,100,14:10:52
63.00,113.00,Current,141,14:10:53
63.00,113.00,Minimum,2,14:10:53
63.00,113.00,Maximum,549,14:10:53
63.00,113.00,Average,100,14:10:53
63.00,113.00,Current,141,14:10:53
63.00,113.00,Minimum,2,14:10:53
63.00,113.00,Maximum,549,14:10:53
63.00,113.00,Average,100,14:10:53
63.00,113.00,Current,140,14:10:53
63.00,113.00,Minimum,2,14:10:53
63.00,113.00,Maximum,549,14:10:53
63.00,113.00,Average,100,14:10:53
63.00,113.00,Current,140,14:10:53
63.00,113.00,Minimum,2,14:10:53
63.00,113.00,Maximum,549,14:10:53
63.00,113.00,Average,100,14:10:53
64.00,114.00,Current,141,14:10:54
64.00,114.00,Minimum,2,14:10:54
64.00,114.00,Maximum,549,14:10:54
64.00,114.00,Average,100,14:10:54
64.00,114.00,Current,141,14:10:54
64.00,114.00,Minimum,2,14:10:54
64.00,114.00,Maximum,549,14:10:54
64.00,114.00,Average,100,14:10:54
64.00,114.00,Current,141,14:10:54
64.00,114.00,Minimum,2,14:10:54
64.00,114.00,Maximum,549,14:10:54
64.00,114.00,Average,100,14:10:54
65.00,115.00,Current,141,14:10:55
65.00,115.00,Minimum,2,14:10:55
65.00,115.00,Maximum,549,14:10:55
65.00,115.00,Average,100,14:10:55
65.00,115.00,Current,141,14:10:55
65.00,115.00,Minimum,2,14:10:55
65.00,115.00,Maximum,549,14:10:55
65.00,115.00,Average,100,14:10:55
65.00,115.00,Current,140,14:10:55
65.00,115.00,Minimum,2,14:10:55
65.00,115.00,Maximum,549,14:10:55
65.00,115.00,Average,100,14:10:55
66.00,116.00,Current,140,14:10:56
66.00,116.00,Minimum,2,14:10:56
66.00,116.00,Maximum,549,14:10:56
66.00,116.00,Average,100,14:10:56
66.00,116.00,Current,140,14:10:56
66.00,116.00,Minimum,2,14:10:56
66.00,116.00,Maximum,549,14:10:56
66.00,116.00,Average,100,14:10:56
66.00,116.00,Current,140,14:10:56
66.00,116.00,Minimum,2,14:10:56
66.00,116.00,Maximum,549,14:10:56
66.00,116.00,Average,100,14:10:56
67.00,117.00,Current,140,14:10:57
67.00,117.00,Minimum,2,14:10:57
67.00,117.00,Maximum,549,14:10:57
67.00,117.00,Average,100,14:10:57
67.00,117.00,Current,140,14:10:57
67.00,117.00,Minimum,2,14:10:57
67.00,117.00,Maximum,549,14:10:57
67.00,117.00,Average,100,14:10:57
67.00,117.00,Current,140,14:10:57
67.00,117.00,Minimum,2,14:10:57
67.00,117.00,Maximum,549,14:10:57
67.00,117.00,Average,100,14:10:57
68.00,118.00,Current,140,14:10:58
68.00,118.00,Minimum,2,14:10:58
68.00,118.00,Maximum,549,14:10:58
68.00,118.00,Average,100,14:10:58
68.00,118.00,Current,141,14:10:58
68.00,118.00,Minimum,2,14:10:58
68.00,118.00,Maximum,549,14:10:58
68.00,118.00,Average,100,14:10:58
68.00,118.00,Current,141,14:10:58
68.00,118.00,Minimum,2,14:10:58
68.00,118.00,Maximum,549,14:10:58
68.00,118.00,Average,100,14:10:58
68.00,118.00,Current,140,14:10:58
68.00,118.00,Minimum,2,14:10:58
68.00,118.00,Maximum,549,14:10:58
68.00,118.00,Average,100,14:10:58
69.00,119.00,Current,140,14:10:59
69.00,119.00,Minimum,2,14:10:59
69.00,119.00,Maximum,549,14:10:59
69.00,119.00,Average,100,14:10:59
69.00,119.00,Current,139,14:10:59
69.00,119.00,Minimum,2,14:10:59
69.00,119.00,Maximum,549,14:10:59
69.00,119.00,Average,100,14:10:59
69.00,119.00,Current,139,14:10:59
69.00,119.00,Minimum,2,14:10:59
69.00,119.00,Maximum,549,14:10:59
69.00,119.00,Average,100,14:10:59
70.00,120.00,Current,139,14:11:00
70.00,120.00,Minimum,2,14:11:00
70.00,120.00,Maximum,549,14:11:00
70.00,120.00,Average,100,14:11:00
70.00,120.00,Current,140,14:11:00
70.00,120.00,Minimum,2,14:11:00
70.00,120.00,Maximum,549,14:11:00
70.00,120.00,Average,100,14:11:00
70.00,120.00,Current,140,14:11:00
70.00,120.00,Minimum,2,14:11:00
70.00,120.00,Maximum,549,14:11:00
70.00,120.00,Average,100,14:11:00
71.00,121.00,Current,140,14:11:01
71.00,121.00,Minimum,2,14:11:01
71.00,121.00,Maximum,549,14:11:01
71.00,121.00,Average,100,14:11:01
71.00,121.00,Current,141,14:11:01
71.00,121.00,Minimum,2,14:11:01
71.00,121.00,Maximum,549,14:11:01
71.00,121.00,Average,100,14:11:01
71.00,121.00,Current,141,14:11:01
71.00,121.00,Minimum,2,14:11:01
71.00,121.00,Maximum,549,14:11:01
71.00,121.00,Average,100,14:11:01
72.00,122.00,Current,141,14:11:02
72.00,122.00,Minimum,2,14:11:02
72.00,122.00,Maximum,549,14:11:02
72.00,122.00,Average,100,14:11:02
72.00,122.00,Current,141,14:11:02
72.00,122.00,Minimum,2,14:11:02
72.00,122.00,Maximum,549,14:11:02
72.00,122.00,Average,100,14:11:02
72.00,122.00,Current,140,14:11:02
72.00,122.00,Minimum,2,14:11:02
72.00,122.00,Maximum,549,14:11:02
72.00,122.00,Average,100,14:11:02
72.00,122.00,Current,141,14:11:02
72.00,122.00,Minimum,2,14:11:02
72.00,122.00,Maximum,549,14:11:02
72.00,122.00,Average,100,14:11:02
73.00,123.00,Current,141,14:11:03
73.00,123.00,Minimum,2,14:11:03
73.00,123.00,Maximum,549,14:11:03
73.00,123.00,Average,100,14:11:03
73.00,123.00,Current,141,14:11:03
73.00,123.00,Minimum,2,14:11:03
73.00,123.00,Maximum,549,14:11:03
73.00,123.00,Average,100,14:11:03
73.00,123.00,Current,141,14:11:03
73.00,123.00,Minimum,2,14:11:03
73.00,123.00,Maximum,549,14:11:03
73.00,123.00,Average,100,14:11:03
74.00,124.00,Current,141,14:11:04
74.00,124.00,Minimum,2,14:11:04
74.00,124.00,Maximum,549,14:11:04
74.00,124.00,Average,100,14:11:04
74.00,124.00,Current,141,14:11:04
74.00,124.00,Minimum,2,14:11:04
74.00,124.00,Maximum,549,14:11:04
74.00,124.00,Average,100,14:11:04
74.00,124.00,Current,141,14:11:04
74.00,124.00,Minimum,2,14:11:04
74.00,124.00,Maximum,549,14:11:04
74.00,124.00,Average,100,14:11:04
75.00,125.00,Current,140,14:11:05
75.00,125.00,Minimum,2,14:11:05
75.00,125.00,Maximum,549,14:11:05
75.00,125.00,Average,100,14:11:05
75.00,125.00,Current,140,14:11:05
75.00,125.00,Minimum,2,14:11:05
75.00,125.00,Maximum,549,14:11:05
75.00,125.00,Average,100,14:11:05
75.00,125.00,Current,140,14:11:05
75.00,125.00,Minimum,2,14:11:05
75.00,125.00,Maximum,549,14:11:05
75.00,125.00,Average,100,14:11:05
76.00,126.00,Current,140,14:11:06
76.00,126.00,Minimum,2,14:11:06
76.00,126.00,Maximum,549,14:11:06
76.00,126.00,Average,100,14:11:06
76.00,126.00,Current,140,14:11:06
76.00,126.00,Minimum,2,14:11:06
76.00,126.00,Maximum,549,14:11:06
76.00,126.00,Average,100,14:11:06
76.00,126.00,Current,140,14:11:06
76.00,126.00,Minimum,2,14:11:06
76.00,126.00,Maximum,549,14:11:06
76.00,126.00,Average,100,14:11:06
77.00,127.00,Current,140,14:11:07
77.00,127.00,Minimum,2,14:11:07
77.00,127.00,Maximum,549,14:11:07
77.00,127.00,Average,100,14:11:07
77.00,127.00,Current,141,14:11:07
77.00,127.00,Minimum,2,14:11:07
77.00,127.00,Maximum,549,14:11:07
77.00,127.00,Average,100,14:11:07
77.00,127.00,Current,141,14:11:07
77.00,127.00,Minimum,2,14:11:07
77.00,127.00,Maximum,549,14:11:07
77.00,127.00,Average,100,14:11:07
77.00,127.00,Current,141,14:11:07
77.00,127.00,Minimum,2,14:11:07
77.00,127.00,Maximum,549,14:11:07
77.00,127.00,Average,100,14:11:07
78.00,128.00,Current,141,14:11:08
78.00,128.00,Minimum,2,14:11:08
78.00,128.00,Maximum,549,14:11:08
78.00,128.00,Average,100,14:11:08
78.00,128.00,Current,141,14:11:08
78.00,128.00,Minimum,2,14:11:08
78.00,128.00,Maximum,549,14:11:08
78.00,128.00,Average,100,14:11:08
78.00,128.00,Current,141,14:11:08
78.00,128.00,Minimum,2,14:11:08
78.00,128.00,Maximum,549,14:11:08
78.00,128.00,Average,100,14:11:08
79.00,129.00,Current,141,14:11:09
79.00,129.00,Minimum,2,14:11:09
79.00,129.00,Maximum,549,14:11:09
79.00,129.00,Average,100,14:11:09
79.00,129.00,Current,141,14:11:09
79.00,129.00,Minimum,2,14:11:09
79.00,129.00,Maximum,549,14:11:09
79.00,129.00,Average,100,14:11:09
79.00,129.00,Current,140,14:11:09
79.00,129.00,Minimum,2,14:11:09
79.00,129.00,Maximum,549,14:11:09
79.00,129.00,Average,100,14:11:09
80.00,130.00,Current,140,14:11:10
80.00,130.00,Minimum,2,14:11:10
80.00,130.00,Maximum,549,14:11:10
80.00,130.00,Average,100,14:11:10
80.00,130.00,Current,140,14:11:10
80.00,130.00,Minimum,2,14:11:10
80.00,130.00,Maximum,549,14:11:10
80.00,130.00,Average,100,14:11:10
80.00,130.00,Current,141,14:11:10
80.00,130.00,Minimum,2,14:11:10
80.00,130.00,Maximum,549,14:11:10
80.00,130.00,Average,100,14:11:10
81.00,131.00,Current,141,14:11:11
81.00,131.00,Minimum,2,14:11:11
81.00,131.00,Maximum,549,14:11:11
81.00,131.00,Average,100,14:11:11
81.00,131.00,Current,141,14:11:11
81.00,131.00,Minimum,2,14:11:11
81.00,131.00,Maximum,549,14:11:11
81.00,131.00,Average,100,14:11:11
81.00,131.00,Current,141,14:11:11
81.00,131.00,Minimum,2,14:11:11
81.00,131.00,Maximum,549,14:11:11
81.00,131.00,Average,100,14:11:11
81.00,131.00,Current,141,14:11:11
81.00,131.00,Minimum,2,14:11:11
81.00,131.00,Maximum,549,14:11:11
81.00,131.00,Average,100,14:11:11
82.00,132.00,Current,141,14:11:12
82.00,132.00,Minimum,2,14:11:12
82.00,132.00,Maximum,549,14:11:12
82.00,132.00,Average,100,14:11:12
82.00,132.00,Current,141,14:11:12
82.00,132.00,Minimum,2,14:11:12
82.00,132.00,Maximum,549,14:11:12
82.00,132.00,Average,100,14:11:12
82.00,132.00,Current,141,14:11:12
82.00,132.00,Minimum,2,14:11:12
82.00,132.00,Maximum,549,14:11:12
82.00,132.00,Average,100,14:11:12
83.00,133.00,Current,141,14:11:13
83.00,133.00,Minimum,2,14:11:13
83.00,133.00,Maximum,549,14:11:13
83.00,133.00,Average,100,14:11:13
83.00,133.00,Current,140,14:11:13
83.00,133.00,Minimum,2,14:11:13
83.00,133.00,Maximum,549,14:11:13
83.00,133.00,Average,100,14:11:13
83.00,133.00,Current,140,14:11:13
83.00,133.00,Minimum,2,14:11:13
83.00,133.00,Maximum,549,14:11:13
83.00,133.00,Average,100,14:11:13
84.00,134.00,Current,141,14:11:14
84.00,134.00,Minimum,2,14:11:14
84.00,134.00,Maximum,549,14:11:14
84.00,134.00,Average,100,14:11:14
84.00,134.00,Current,141,14:11:14
84.00,134.00,Minimum,2,14:11:14
84.00,134.00,Maximum,549,14:11:14
84.00,134.00,Average,100,14:11:14
84.00,134.00,Current,141,14:11:14
84.00,134.00,Minimum,2,14:11:14
84.00,134.00,Maximum,549,14:11:14
84.00,134.00,Average,100,14:11:14
85.00,135.00,Current,140,14:11:15
85.00,135.00,Minimum,2,14:11:15
85.00,135.00,Maximum,549,14:11:15
85.00,135.00,Average,100,14:11:15
85.00,135.00,Current,140,14:11:15
85.00,135.00,Minimum,2,14:11:15
85.00,135.00,Maximum,549,14:11:15
85.00,135.00,Average,100,14:11:15
85.00,135.00,Current,141,14:11:15
85.00,135.00,Minimum,2,14:11:15
85.00,135.00,Maximum,549,14:11:15
85.00,135.00,Average,100,14:11:15
85.00,135.00,Current,141,14:11:15
85.00,135.00,Minimum,2,14:11:15
85.00,135.00,Maximum,549,14:11:15
85.00,135.00,Average,100,14:11:15
86.00,136.00,Current,141,14:11:16
86.00,136.00,Minimum,2,14:11:16
86.00,136.00,Maximum,549,14:11:16
86.00,136.00,Average,100,14:11:16
86.00,136.00,Current,141,14:11:16
86.00,136.00,Minimum,2,14:11:16
86.00,136.00,Maximum,549,14:11:16
86.00,136.00,Average,100,14:11:16
86.00,136.00,Current,141,14:11:16
86.00,136.00,Minimum,2,14:11:16
86.00,136.00,Maximum,549,14:11:16
86.00,136.00,Average,100,14:11:16
87.00,137.00,Current,142,14:11:17
87.00,137.00,Minimum,2,14:11:17
87.00,137.00,Maximum,549,14:11:17
87.00,137.00,Average,100,14:11:17
87.00,137.00,Current,142,14:11:17
87.00,137.00,Minimum,2,14:11:17
87.00,137.00,Maximum,549,14:11:17
87.00,137.00,Average,100,14:11:17
87.00,137.00,Current,142,14:11:17
87.00,137.00,Minimum,2,14:11:17
87.00,137.00,Maximum,549,14:11:17
87.00,137.00,Average,100,14:11:17
88.00,138.00,Current,140,14:11:18
88.00,138.00,Minimum,2,14:11:18
88.00,138.00,Maximum,549,14:11:18
88.00,138.00,Average,100,14:11:18
88.00,138.00,Current,140,14:11:18
88.00,138.00,Minimum,2,14:11:18
88.00,138.00,Maximum,549,14:11:18
88.00,138.00,Average,100,14:11:18
88.00,138.00,Current,140,14:11:18
88.00,138.00,Minimum,2,14:11:18
88.00,138.00,Maximum,549,14:11:18
88.00,138.00,Average,100,14:11:18
88.00,138.00,Current,140,14:11:18
88.00,138.00,Minimum,2,14:11:18
88.00,138.00,Maximum,549,14:11:18
88.00,138.00,Average,100,14:11:18
89.00,139.00,Current,140,14:11:19
89.00,139.00,Minimum,2,14:11:19
89.00,139.00,Maximum,549,14:11:19
89.00,139.00,Average,100,14:11:19
89.00,139.00,Current,141,14:11:19
89.00,139.00,Minimum,2,14:11:19
89.00,139.00,Maximum,549,14:11:19
89.00,139.00,Average,100,14:11:19
89.00,139.00,Current,141,14:11:19
89.00,139.00,Minimum,2,14:11:19
89.00,139.00,Maximum,549,14:11:19
89.00,139.00,Average,100,14:11:19
90.00,140.00,Current,141,14:11:20
90.00,140.00,Minimum,2,14:11:20
90.00,140.00,Maximum,549,14:11:20
90.00,140.00,Average,100,14:11:20
90.00,140.00,Current,141,14:11:20
90.00,140.00,Minimum,2,14:11:20
90.00,140.00,Maximum,549,14:11:20
90.00,140.00,Average,100,14:11:20
90.00,140.00,Current,141,14:11:20
90.00,140.00,Minimum,2,14:11:20
90.00,140.00,Maximum,549,14:11:20
90.00,140.00,Average,100,14:11:20
91.00,141.00,Current,141,14:11:21
91.00,141.00,Minimum,2,14:11:21
91.00,141.00,Maximum,549,14:11:21
91.00,141.00,Average,100,14:11:21
91.00,141.00,Current,140,14:11:21
91.00,141.00,Minimum,2,14:11:21
91.00,141.00,Maximum,549,14:11:21
91.00,141.00,Average,100,14:11:21
91.00,141.00,Current,141,14:11:21
91.00,141.00,Minimum,2,14:11:21
91.00,141.00,Maximum,549,14:11:21
91.00,141.00,Average,100,14:11:21
91.00,141.00,Current,141,14:11:21
91.00,141.00,Minimum,2,14:11:21
91.00,141.00,Maximum,549,14:11:21
91.00,141.00,Average,100,14:11:21
92.00,142.00,Current,141,14:11:22
92.00,142.00,Minimum,2,14:11:22
92.00,142.00,Maximum,549,14:11:22
92.00,142.00,Average,100,14:11:22
92.00,142.00,Current,141,14:11:22
92.00,142.00,Minimum,2,14:11:22
92.00,142.00,Maximum,549,14:11:22
92.00,142.00,Average,100,14:11:22
92.00,142.00,Current,141,14:11:22
92.00,142.00,Minimum,2,14:11:22
92.00,142.00,Maximum,549,14:11:22
92.00,142.00,Average,100,14:11:22
93.00,143.00,Current,141,14:11:23
93.00,143.00,Minimum,2,14:11:23
93.00,143.00,Maximum,549,14:11:23
93.00,143.00,Average,100,14:11:23
93.00,143.00,Current,141,14:11:23
93.00,143.00,Minimum,2,14:11:23
93.00,143.00,Maximum,549,14:11:23
93.00,143.00,Average,100,14:11:23
93.00,143.00,Current,141,14:11:23
93.00,143.00,Minimum,2,14:11:23
93.00,143.00,Maximum,549,14:11:23
93.00,143.00,Average,100,14:11:23
94.00,144.00,Current,141,14:11:24
94.00,144.00,Minimum,2,14:11:24
94.00,144.00,Maximum,549,14:11:24
94.00,144.00,Average,100,14:11:24
94.00,144.00,Current,140,14:11:24
94.00,144.00,Minimum,2,14:11:24
94.00,144.00,Maximum,549,14:11:24
94.00,144.00,Average,100,14:11:24
94.00,144.00,Current,140,14:11:24
94.00,144.00,Minimum,2,14:11:24
94.00,144.00,Maximum,549,14:11:24
94.00,144.00,Average,100,14:11:24
95.00,145.00,Current,141,14:11:25
95.00,145.00,Minimum,2,14:11:25
95.00,145.00,Maximum,549,14:11:25
95.00,145.00,Average,100,14:11:25
95.00,145.00,Current,141,14:11:25
95.00,145.00,Minimum,2,14:11:25
95.00,145.00,Maximum,549,14:11:25
95.00,145.00,Average,100,14:11:25
95.00,145.00,Current,141,14:11:25
95.00,145.00,Minimum,2,14:11:25
95.00,145.00,Maximum,549,14:11:25
95.00,145.00,Average,100,14:11:25
96.00,146.00,Current,140,14:11:26
96.00,146.00,Minimum,2,14:11:26
96.00,146.00,Maximum,549,14:11:26
96.00,146.00,Average,100,14:11:26
96.00,146.00,Current,140,14:11:26
96.00,146.00,Minimum,2,14:11:26
96.00,146.00,Maximum,549,14:11:26
96.00,146.00,Average,100,14:11:26
96.00,146.00,Current,141,14:11:26
96.00,146.00,Minimum,2,14:11:26
96.00,146.00,Maximum,549,14:11:26
96.00,146.00,Average,100,14:11:26
96.00,146.00,Current,141,14:11:26
96.00,146.00,Minimum,2,14:11:26
96.00,146.00,Maximum,549,14:11:26
96.00,146.00,Average,100,14:11:26
97.00,147.00,Current,141,14:11:27
97.00,147.00,Minimum,2,14:11:27
97.00,147.00,Maximum,549,14:11:27
97.00,147.00,Average,100,14:11:27
97.00,147.00,Current,141,14:11:27
97.00,147.00,Minimum,2,14:11:27
97.00,147.00,Maximum,549,14:11:27
97.00,147.00,Average,100,14:11:27
97.00,147.00,Current,141,14:11:27
97.00,147.00,Minimum,2,14:11:27
97.00,147.00,Maximum,549,14:11:27
97.00,147.00,Average,100,14:11:27
98.00,148.00,Current,140,14:11:28
98.00,148.00,Minimum,2,14:11:28
98.00,148.00,Maximum,549,14:11:28
98.00,148.00,Average,100,14:11:28
98.00,148.00,Current,158,14:11:28
98.00,148.00,Minimum,2,14:11:28
98.00,148.00,Maximum,549,14:11:28
98.00,148.00,Average,100,14:11:28
99.00,149.00,Current,184,14:11:29
99.00,149.00,Minimum,2,14:11:29
99.00,149.00,Maximum,549,14:11:29
99.00,149.00,Average,100,14:11:29
99.00,149.00,Current,184,14:11:29
99.00,149.00,Minimum,2,14:11:29
99.00,149.00,Maximum,549,14:11:29
99.00,149.00,Average,100,14:11:29
99.00,149.00,Current,161,14:11:29
99.00,149.00,Minimum,2,14:11:29
99.00,149.00,Maximum,549,14:11:29
99.00,149.00,Average,100,14:11:29
99.00,149.00,Current,161,14:11:29
99.00,149.00,Minimum,2,14:11:29
99.00,149.00,Maximum,549,14:11:29
99.00,149.00,Average,100,14:11:29
100.00,150.00,Current,128,14:11:30
100.00,150.00,Minimum,2,14:11:30
100.00,150.00,Maximum,549,14:11:30
100.00,150.00,Average,100,14:11:30
100.00,150.00,Current,128,14:11:30
100.00,150.00,Minimum,2,14:11:30
100.00,150.00,Maximum,549,14:11:30
100.00,150.00,Average,100,14:11:30
100.00,150.00,Current,132,14:11:30
100.00,150.00,Minimum,2,14:11:30
100.00,150.00,Maximum,549,14:11:30
100.00,150.00,Average,100,14:11:30
101.00,151.00,Current,133,14:11:31
101.00,151.00,Minimum,2,14:11:31
101.00,151.00,Maximum,549,14:11:31
101.00,151.00,Average,100,14:11:31
101.00,151.00,Current,133,14:11:31
101.00,151.00,Minimum,2,14:11:31
101.00,151.00,Maximum,549,14:11:31
101.00,151.00,Average,100,14:11:31
101.00,151.00,Current,121,14:11:31
101.00,151.00,Minimum,2,14:11:31
101.00,151.00,Maximum,549,14:11:31
101.00,151.00,Average,100,14:11:31
102.00,152.00,Current,121,14:11:32
102.00,152.00,Minimum,2,14:11:32
102.00,152.00,Maximum,549,14:11:32
102.00,152.00,Average,100,14:11:32
102.00,152.00,Current,123,14:11:32
102.00,152.00,Minimum,2,14:11:32
102.00,152.00,Maximum,549,14:11:32
102.00,152.00,Average,100,14:11:32
102.00,152.00,Current,123,14:11:32
102.00,152.00,Minimum,2,14:11:32
102.00,152.00,Maximum,549,14:11:32
102.00,152.00,Average,100,14:11:32
102.00,152.00,Current,129,14:11:32
102.00,152.00,Minimum,2,14:11:32
102.00,152.00,Maximum,549,14:11:32
102.00,152.00,Average,100,14:11:32
103.00,153.00,Current,132,14:11:33
103.00,153.00,Minimum,2,14:11:33
103.00,153.00,Maximum,549,14:11:33
103.00,153.00,Average,100,14:11:33
